age_group,admissions,deaths,pn_admissions,icu_admissions,icu_known,W,W_any,W_pn,W_icu,W_icu_known,M,M_any,M_pn,M_icu,M_icu_known,OMS,OMS_any,OMS_pn,OMS_icu,OMS_icu_known,union_cases,region_code
10,645507,196.0,95266.0,3363.0,645507.0,24794.0,25773.0,1630.0,1509.0,24794.0,7931.0,8249.0,106.0,119.0,7931.0,16925.0,17602.0,677.0,866.0,16925.0,26200.0,0
15,11886480,2968.0,2030937.0,40808.0,11886480.0,362339.0,381296.0,28908.0,15944.0,362339.0,109423.0,115724.0,1670.0,1555.0,109423.0,230543.0,243100.0,11006.0,7961.0,230543.0,382161.0,0
20,17145498,4593.0,2886511.0,55602.0,17145498.0,539225.0,571700.0,43250.0,19423.0,539225.0,144951.0,154411.0,2410.0,2216.0,144951.0,320000.0,340036.0,15357.0,7939.0,320000.0,568214.0,0
25,13466901,4461.0,2258259.0,54276.0,13466901.0,487970.0,520595.0,38882.0,18595.0,487970.0,118400.0,126352.0,2304.0,2003.0,118400.0,273454.0,291448.0,13806.0,6792.0,273454.0,514842.0,0
30,8747442,3894.0,1415606.0,47351.0,8747442.0,379511.0,407199.0,29587.0,16000.0,379511.0,83730.0,89555.0,1708.0,1695.0,83730.0,200390.0,214225.0,9890.0,5639.0,200390.0,400195.0,0
35,4791002,3007.0,712327.0,35092.0,4791002.0,254325.0,274355.0,18690.0,11802.0,254325.0,53294.0,56946.0,1000.0,1302.0,53294.0,130635.0,139575.0,5984.0,4239.0,130635.0,267887.0,0
40,1550822,1263.0,200914.0,13371.0,1550822.0,95414.0,102822.0,6242.0,4381.0,95414.0,20865.0,22113.0,295.0,465.0,20865.0,51916.0,55099.0,1922.0,1511.0,51916.0,100548.0,0
45,143265,184.0,13604.0,1136.0,143265.0,10469.0,11018.0,478.0,318.0,10469.0,3560.0,3666.0,27.0,59.0,3560.0,7447.0,7707.0,147.0,136.0,7447.0,11102.0,0
10,115034,37.0,14117.0,263.0,115034.0,5334.0,5384.0,309.0,142.0,5334.0,1868.0,1878.0,25.0,10.0,1868.0,4127.0,4153.0,136.0,87.0,4127.0,5667.0,1
15,1687370,502.0,219826.0,2536.0,1687370.0,61442.0,61982.0,3599.0,1169.0,61442.0,20470.0,20593.0,255.0,124.0,20470.0,45410.0,45661.0,1484.0,688.0,45410.0,65087.0,1
20,2134984,645.0,266108.0,2885.0,2134984.0,78352.0,79000.0,3927.0,1194.0,78352.0,22932.0,23130.0,259.0,123.0,22932.0,55848.0,56214.0,1554.0,514.0,55848.0,82671.0,1
25,1474116,544.0,179974.0,2769.0,1474116.0,62375.0,62997.0,3030.0,1098.0,62375.0,16652.0,16846.0,148.0,114.0,16652.0,42598.0,42954.0,1125.0,377.0,42598.0,65896.0,1
30,841242,403.0,97661.0,2227.0,841242.0,42391.0,42860.0,1871.0,890.0,42391.0,10415.0,10562.0,90.0,87.0,10415.0,27501.0,27772.0,682.0,274.0,27501.0,44899.0,1
35,412262,347.0,42481.0,1607.0,412262.0,25568.0,25832.0,954.0,655.0,25568.0,5879.0,5947.0,49.0,69.0,5879.0,16142.0,16285.0,322.0,200.0,16142.0,27051.0,1
40,126337,130.0,11596.0,531.0,126337.0,9426.0,9530.0,321.0,218.0,9426.0,2232.0,2262.0,9.0,19.0,2232.0,6310.0,6364.0,101.0,70.0,6310.0,9952.0,1
45,13739,18.0,1088.0,60.0,13739.0,1305.0,1313.0,46.0,26.0,1305.0,436.0,438.0,1.0,6.0,436.0,1067.0,1073.0,20.0,12.0,1067.0,1381.0,1
10,246941,92.0,22348.0,1580.0,246941.0,10341.0,10681.0,473.0,796.0,10341.0,2717.0,2867.0,19.0,52.0,2717.0,6233.0,6485.0,147.0,410.0,6233.0,10820.0,2
15,4080957,1210.0,408283.0,17312.0,4080957.0,136300.0,141433.0,6939.0,7857.0,136300.0,35614.0,38205.0,292.0,568.0,35614.0,77061.0,81149.0,1904.0,3148.0,77061.0,142915.0,2
20,5569006,1875.0,560262.0,22000.0,5569006.0,192246.0,199024.0,10255.0,9122.0,192246.0,47144.0,50485.0,412.0,755.0,47144.0,103404.0,108689.0,2667.0,2810.0,103404.0,202109.0,2
25,4271911,1696.0,434221.0,21204.0,4271911.0,172271.0,178635.0,9325.0,8832.0,172271.0,38017.0,40380.0,384.0,742.0,38017.0,86704.0,90822.0,2379.0,2445.0,86704.0,181022.0,2
30,2726512,1400.0,261728.0,18006.0,2726512.0,132985.0,138146.0,7041.0,7370.0,132985.0,26962.0,28397.0,283.0,598.0,26962.0,63090.0,65839.0,1635.0,1957.0,63090.0,139891.0,2
35,1459798,1061.0,126842.0,12945.0,1459798.0,86764.0,90331.0,4443.0,5190.0,86764.0,16687.0,17480.0,150.0,462.0,16687.0,39881.0,41459.0,977.0,1375.0,39881.0,91155.0,2
40,470327,429.0,36581.0,4739.0,470327.0,31500.0,32778.0,1421.0,1828.0,31500.0,6302.0,6539.0,47.0,168.0,6302.0,15447.0,15971.0,283.0,470.0,15447.0,33190.0,2
45,47538,67.0,2894.0,374.0,47538.0,3494.0,3591.0,119.0,127.0,3494.0,1167.0,1190.0,3.0,20.0,1167.0,2352.0,2408.0,23.0,41.0,2352.0,3688.0,2
10,169545,37.0,30138.0,953.0,169545.0,5532.0,6064.0,475.0,377.0,5532.0,1914.0,2023.0,17.0,38.0,1914.0,3860.0,4190.0,204.0,221.0,3860.0,5863.0,3
15,3820329,762.0,771405.0,14575.0,3820329.0,104413.0,116549.0,11087.0,4962.0,104413.0,32960.0,35441.0,614.0,660.0,32960.0,67340.0,74097.0,4359.0,2791.0,67340.0,110232.0,3
20,6006675,1313.0,1177239.0,22818.0,6006675.0,172247.0,195327.0,17893.0,6952.0,172247.0,47378.0,51747.0,1073.0,1024.0,47378.0,102023.0,114301.0,6549.0,3342.0,102023.0,181805.0,3
25,4950489,1426.0,960084.0,22783.0,4950489.0,164633.0,188286.0,16705.0,6792.0,164633.0,40826.0,45039.0,1151.0,904.0,40826.0,92536.0,104309.0,6319.0,2999.0,92536.0,174071.0,3
30,3339580,1369.0,624957.0,20577.0,3339580.0,133646.0,154106.0,13308.0,6032.0,133646.0,29573.0,32981.0,827.0,760.0,29573.0,70503.0,80068.0,4661.0,2545.0,70503.0,140901.0,3
35,1892082,1117.0,325097.0,15792.0,1892082.0,93551.0,108615.0,8673.0,4744.0,93551.0,19352.0,21681.0,455.0,571.0,19352.0,48161.0,54632.0,2982.0,2016.0,48161.0,98430.0,3
40,620748,496.0,92066.0,6318.0,620748.0,35641.0,41270.0,2966.0,1879.0,35641.0,7588.0,8411.0,137.0,214.0,7588.0,19106.0,21459.0,969.0,740.0,19106.0,37416.0,3
45,52226,64.0,5771.0,525.0,52226.0,3520.0,3950.0,203.0,134.0,3520.0,1102.0,1177.0,8.0,26.0,1102.0,2370.0,2558.0,58.0,64.0,2370.0,3725.0,3
10,63002,13.0,19276.0,317.0,63002.0,1787.0,1814.0,239.0,80.0,1787.0,765.0,786.0,42.0,12.0,765.0,1411.0,1441.0,143.0,61.0,1411.0,1977.0,4
15,1365801,238.0,451950.0,3370.0,1365801.0,34353.0,34866.0,5257.0,870.0,34353.0,11307.0,11882.0,442.0,100.0,11307.0,23215.0,23927.0,2609.0,601.0,23215.0,36923.0,4
20,2064919,375.0,638385.0,4004.0,2064919.0,56326.0,57328.0,8301.0,952.0,56326.0,14690.0,15509.0,573.0,154.0,14690.0,33310.0,34378.0,3763.0,621.0,33310.0,59679.0,4
25,1718698,394.0,505317.0,3877.0,1718698.0,53094.0,54100.0,7265.0,888.0,53094.0,12705.0,13308.0,537.0,123.0,12705.0,30208.0,31065.0,3282.0,525.0,30208.0,56443.0,4
30,1195402,406.0,332390.0,3419.0,1195402.0,44057.0,44910.0,5627.0,813.0,44057.0,9818.0,10306.0,457.0,135.0,9818.0,24233.0,24913.0,2497.0,482.0,24233.0,46767.0,4
35,696041,289.0,175717.0,2565.0,696041.0,31298.0,31909.0,3584.0,613.0,31298.0,7016.0,7279.0,309.0,108.0,7016.0,16983.0,17378.0,1487.0,387.0,16983.0,33274.0,4
40,232585,119.0,50138.0,1011.0,232585.0,12399.0,12628.0,1172.0,233.0,12399.0,2998.0,3091.0,88.0,31.0,2998.0,7229.0,7376.0,500.0,135.0,7229.0,13228.0,4
45,19895,20.0,3090.0,115.0,19895.0,1323.0,1330.0,75.0,17.0,1323.0,506.0,510.0,13.0,4.0,506.0,1009.0,1014.0,34.0,12.0,1009.0,1445.0,4
10,50985,17.0,9387.0,250.0,50985.0,1800.0,1830.0,134.0,114.0,1800.0,667.0,695.0,3.0,7.0,667.0,1294.0,1333.0,47.0,87.0,1294.0,1873.0,5
15,932023,256.0,179473.0,3015.0,932023.0,25831.0,26466.0,2026.0,1086.0,25831.0,9072.0,9603.0,67.0,103.0,9072.0,17517.0,18266.0,650.0,733.0,17517.0,27004.0,5
20,1369914,385.0,244517.0,3895.0,1369914.0,40054.0,41021.0,2874.0,1203.0,40054.0,12807.0,13540.0,93.0,160.0,12807.0,25415.0,26454.0,824.0,652.0,25415.0,41950.0,5
25,1051687,401.0,178663.0,3643.0,1051687.0,35597.0,36577.0,2557.0,985.0,35597.0,10200.0,10779.0,84.0,120.0,10200.0,21408.0,22298.0,701.0,446.0,21408.0,37410.0,5
30,644706,316.0,98870.0,3122.0,644706.0,26432.0,27177.0,1740.0,895.0,26432.0,6962.0,7309.0,51.0,115.0,6962.0,15063.0,15633.0,415.0,381.0,15063.0,27737.0,5
35,330819,193.0,42190.0,2183.0,330819.0,17144.0,17668.0,1036.0,600.0,17144.0,4360.0,4559.0,37.0,92.0,4360.0,9468.0,9821.0,216.0,261.0,9468.0,17977.0,5
40,100825,89.0,10533.0,772.0,100825.0,6448.0,6616.0,362.0,223.0,6448.0,1745.0,1810.0,14.0,33.0,1745.0,3824.0,3929.0,69.0,96.0,3824.0,6762.0,5
45,9867,15.0,761.0,62.0,9867.0,827.0,834.0,35.0,14.0,827.0,349.0,351.0,2.0,3.0,349.0,649.0,654.0,12.0,7.0,649.0,863.0,5
