icd10,description,waterstone_groups,waterstone_source,mantel_groups,mantel_source,who_groups,who_source,note
A02.1,Salmonella septicaemia,W4,"Herdt et al. 2021, Chart 1, pp. 99–100; doi:10.1055/s-0040-1719144",M2,"Herdt et al. 2021, Chart 1, pp. 99–100; doi:10.1055/s-0040-1719144",O1,"Nakamura-Pereira et al. 2013, Table 3, pp. 1338–1339; doi:10.1590/S0102-311X2013000700008",
A22.7,Anthrax septicaemia,W4,"Herdt et al. 2021, Chart 1, pp. 99–100; doi:10.1055/s-0040-1719144",M2,"Herdt et al. 2021, Chart 1, pp. 99–100; doi:10.1055/s-0040-1719144",O1,"Nakamura-Pereira et al. 2013, Table 3, pp. 1338–1339; doi:10.1590/S0102-311X2013000700008",
A26.7,Erysipelothrix septicaemia,W4,"Herdt et al. 2021, Chart 1, pp. 99–100; doi:10.1055/s-0040-1719144",M2,"Herdt et al. 2021, Chart 1, pp. 99–100; doi:10.1055/s-0040-1719144",O1,"Nakamura-Pereira et al. 2013, Table 3, pp. 1338–1339; doi:10.1590/S0102-311X2013000700008",
A32.7,Listerial septicaemia,W4,"Herdt et al. 2021, Chart 1, pp. 99–100; doi:10.1055/s-0040-1719144",M2,"Herdt et al. 2021, Chart 1, pp. 99–100; doi:10.1055/s-0040-1719144",O1,"Nakamura-Pereira et al. 2013, Table 3, pp. 1338–1339; doi:10.1590/S0102-311X2013000700008",
A40,Streptococcal septicaemia,W4,"Herdt et al. 2021, Chart 1, pp. 99–100; doi:10.1055/s-0040-1719144",M2,"Herdt et al. 2021, Chart 1, pp. 99–100; doi:10.1055/s-0040-1719144",O1,"Nakamura-Pereira et al. 2013, Table 3, pp. 1338–1339; doi:10.1590/S0102-311X2013000700008", Exact three-character code; subcategories are not automatically included.
A40.0,"Septicaemia due to streptococcus, group A",W4,"Herdt et al. 2021, Chart 1, pp. 99–100; doi:10.1055/s-0040-1719144",M2,"Herdt et al. 2021, Chart 1, pp. 99–100; doi:10.1055/s-0040-1719144",O1,"Nakamura-Pereira et al. 2013, Table 3, pp. 1338–1339; doi:10.1590/S0102-311X2013000700008",
A40.1,"Septicaemia due to streptococcus, group B",W4,"Herdt et al. 2021, Chart 1, pp. 99–100; doi:10.1055/s-0040-1719144",M2,"Herdt et al. 2021, Chart 1, pp. 99–100; doi:10.1055/s-0040-1719144",O1,"Nakamura-Pereira et al. 2013, Table 3, pp. 1338–1339; doi:10.1590/S0102-311X2013000700008",
A40.2,"Septicaemia due to streptococcus, group D",W4,"Herdt et al. 2021, Chart 1, pp. 99–100; doi:10.1055/s-0040-1719144",M2,"Herdt et al. 2021, Chart 1, pp. 99–100; doi:10.1055/s-0040-1719144",O1,"Nakamura-Pereira et al. 2013, Table 3, pp. 1338–1339; doi:10.1590/S0102-311X2013000700008",
A40.3,Septicaemia due to Streptococcus pneumoniae,W4,"Herdt et al. 2021, Chart 1, pp. 99–100; doi:10.1055/s-0040-1719144",M2,"Herdt et al. 2021, Chart 1, pp. 99–100; doi:10.1055/s-0040-1719144",O1,"Nakamura-Pereira et al. 2013, Table 3, pp. 1338–1339; doi:10.1590/S0102-311X2013000700008",
A40.8,Other streptococcal septicaemia,W4,"Herdt et al. 2021, Chart 1, pp. 99–100; doi:10.1055/s-0040-1719144",M2,"Herdt et al. 2021, Chart 1, pp. 99–100; doi:10.1055/s-0040-1719144",O1,"Nakamura-Pereira et al. 2013, Table 3, pp. 1338–1339; doi:10.1590/S0102-311X2013000700008",
A40.9,"Streptococcal septicaemia, unspecified",W4,"Herdt et al. 2021, Chart 1, pp. 99–100; doi:10.1055/s-0040-1719144",M2,"Herdt et al. 2021, Chart 1, pp. 99–100; doi:10.1055/s-0040-1719144",O1,"Nakamura-Pereira et al. 2013, Table 3, pp. 1338–1339; doi:10.1590/S0102-311X2013000700008",
A41,Other septicaemia,W4,"Herdt et al. 2021, Chart 1, pp. 99–100; doi:10.1055/s-0040-1719144",M2,"Herdt et al. 2021, Chart 1, pp. 99–100; doi:10.1055/s-0040-1719144",O1,"Nakamura-Pereira et al. 2013, Table 3, pp. 1338–1339; doi:10.1590/S0102-311X2013000700008", Exact three-character code; subcategories are not automatically included.
A41.0,Septicaemia due to Staphylococcus aureus,W4,"Herdt et al. 2021, Chart 1, pp. 99–100; doi:10.1055/s-0040-1719144",M2,"Herdt et al. 2021, Chart 1, pp. 99–100; doi:10.1055/s-0040-1719144",O1,"Nakamura-Pereira et al. 2013, Table 3, pp. 1338–1339; doi:10.1590/S0102-311X2013000700008",
A41.1,Septicaemia due to other specified staphylococcus,W4,"Herdt et al. 2021, Chart 1, pp. 99–100; doi:10.1055/s-0040-1719144",M2,"Herdt et al. 2021, Chart 1, pp. 99–100; doi:10.1055/s-0040-1719144",O1,"Nakamura-Pereira et al. 2013, Table 3, pp. 1338–1339; doi:10.1590/S0102-311X2013000700008",
A41.2,Septicaemia due to unspecified staphylococcus,W4,"Herdt et al. 2021, Chart 1, pp. 99–100; doi:10.1055/s-0040-1719144",M2,"Herdt et al. 2021, Chart 1, pp. 99–100; doi:10.1055/s-0040-1719144",O1,"Nakamura-Pereira et al. 2013, Table 3, pp. 1338–1339; doi:10.1590/S0102-311X2013000700008",
A41.3,Septicaemia due to Haemophilus influenzae,W4,"Herdt et al. 2021, Chart 1, pp. 99–100; doi:10.1055/s-0040-1719144",M2,"Herdt et al. 2021, Chart 1, pp. 99–100; doi:10.1055/s-0040-1719144",O1,"Nakamura-Pereira et al. 2013, Table 3, pp. 1338–1339; doi:10.1590/S0102-311X2013000700008",
A41.4,Septicaemia due to anaerobes,W4,"Herdt et al. 2021, Chart 1, pp. 99–100; doi:10.1055/s-0040-1719144",M2,"Herdt et al. 2021, Chart 1, pp. 99–100; doi:10.1055/s-0040-1719144",O1,"Nakamura-Pereira et al. 2013, Table 3, pp. 1338–1339; doi:10.1590/S0102-311X2013000700008",
A41.5,Septicaemia due to other Gram-negative organisms,W4,"Herdt et al. 2021, Chart 1, pp. 99–100; doi:10.1055/s-0040-1719144",M2,"Herdt et al. 2021, Chart 1, pp. 99–100; doi:10.1055/s-0040-1719144",O1,"Nakamura-Pereira et al. 2013, Table 3, pp. 1338–1339; doi:10.1590/S0102-311X2013000700008",
A41.8,Other specified septicaemia,W4,"Herdt et al. 2021, Chart 1, pp. 99–100; doi:10.1055/s-0040-1719144",M2,"Herdt et al. 2021, Chart 1, pp. 99–100; doi:10.1055/s-0040-1719144",O1,"Nakamura-Pereira et al. 2013, Table 3, pp. 1338–1339; doi:10.1590/S0102-311X2013000700008",
A41.9,"Septicaemia, unspecified",W4,"Herdt et al. 2021, Chart 1, pp. 99–100; doi:10.1055/s-0040-1719144",M2,"Herdt et al. 2021, Chart 1, pp. 99–100; doi:10.1055/s-0040-1719144",O1,"Nakamura-Pereira et al. 2013, Table 3, pp. 1338–1339; doi:10.1590/S0102-311X2013000700008",
A42.7,Actinomycotic septicaemia,W4,"Herdt et al. 2021, Chart 1, pp. 99–100; doi:10.1055/s-0040-1719144",M2,"Herdt et al. 2021, Chart 1, pp. 99–100; doi:10.1055/s-0040-1719144",O1,"Nakamura-Pereira et al. 2013, Table 3, pp. 1338–1339; doi:10.1590/S0102-311X2013000700008",
A54.8,Other gonococcal infections,W4,"Herdt et al. 2021, Chart 1, pp. 99–100; doi:10.1055/s-0040-1719144",M2,"Herdt et al. 2021, Chart 1, pp. 99–100; doi:10.1055/s-0040-1719144",O1,"Nakamura-Pereira et al. 2013, Table 3, pp. 1338–1339; doi:10.1590/S0102-311X2013000700008",
B20,Human immunodeficiency virus [HIV] disease resulting in infectious and parasitic diseases,W7,"Herdt et al. 2021, Chart 1, pp. 99–100; doi:10.1055/s-0040-1719144",,,,, Exact three-character code; subcategories are not automatically included.
B20.0,HIV disease resulting in mycobacterial infection,W7,"Herdt et al. 2021, Chart 1, pp. 99–100; doi:10.1055/s-0040-1719144",,,,,
B20.1,HIV disease resulting in other bacterial infections,W7,"Herdt et al. 2021, Chart 1, pp. 99–100; doi:10.1055/s-0040-1719144",,,,,
B20.4,HIV disease resulting in candidiasis,W7,"Herdt et al. 2021, Chart 1, pp. 99–100; doi:10.1055/s-0040-1719144",,,,,
B20.8,HIV disease resulting in other infectious and parasitic diseases,W7,"Herdt et al. 2021, Chart 1, pp. 99–100; doi:10.1055/s-0040-1719144",,,,,
B20.9,HIV disease resulting in unspecified infectious or parasitic disease,W7,"Herdt et al. 2021, Chart 1, pp. 99–100; doi:10.1055/s-0040-1719144",,,,,
B37.7,Candidal septicaemia,W4,"Herdt et al. 2021, Chart 1, pp. 99–100; doi:10.1055/s-0040-1719144",M2,"Herdt et al. 2021, Chart 1, pp. 99–100; doi:10.1055/s-0040-1719144",O1,"Nakamura-Pereira et al. 2013, Table 3, pp. 1338–1339; doi:10.1590/S0102-311X2013000700008",
D62,Acute posthaemorrhagic anaemia,W3,"Herdt et al. 2021, Chart 1, pp. 99–100; doi:10.1055/s-0040-1719144",,,O1,"Nakamura-Pereira et al. 2013, Table 3, pp. 1338–1339; doi:10.1590/S0102-311X2013000700008", Exact three-character code; subcategories are not automatically included.
D65,Disseminated intravascular coagulation [defibrination syndrome],,,M7,"Herdt et al. 2021, Chart 1, pp. 99–100; doi:10.1055/s-0040-1719144",O4,"Nakamura-Pereira et al. 2013, Table 3, pp. 1338–1339; doi:10.1590/S0102-311X2013000700008", Exact three-character code; subcategories are not automatically included.
D68,Other coagulation defects,,,M7,"Herdt et al. 2021, Chart 1, pp. 99–100; doi:10.1055/s-0040-1719144",O4,"Nakamura-Pereira et al. 2013, Table 3, pp. 1338–1339; doi:10.1590/S0102-311X2013000700008", Exact three-character code; subcategories are not automatically included.
D68.9,"Coagulation defect, unspecified",,,M7,"Herdt et al. 2021, Chart 1, pp. 99–100; doi:10.1055/s-0040-1719144",O4,"Nakamura-Pereira et al. 2013, Table 3, pp. 1338–1339; doi:10.1590/S0102-311X2013000700008",
D69.4,Other primary thrombocytopenia,,,M7,"Herdt et al. 2021, Chart 1, pp. 99–100; doi:10.1055/s-0040-1719144",O4,"Nakamura-Pereira et al. 2013, Table 3, pp. 1338–1339; doi:10.1590/S0102-311X2013000700008",
D69.5,Secondary thrombocytopenia,,,M7,"Herdt et al. 2021, Chart 1, pp. 99–100; doi:10.1055/s-0040-1719144",O4,"Nakamura-Pereira et al. 2013, Table 3, pp. 1338–1339; doi:10.1590/S0102-311X2013000700008",
D69.6,"Thrombocytopenia, unspecified",,,M7,"Herdt et al. 2021, Chart 1, pp. 99–100; doi:10.1055/s-0040-1719144",O4,"Nakamura-Pereira et al. 2013, Table 3, pp. 1338–1339; doi:10.1590/S0102-311X2013000700008",
D82.0,Wiskott-Aldrich syndrome,,,M7,"Herdt et al. 2021, Chart 1, pp. 99–100; doi:10.1055/s-0040-1719144",O4,"Nakamura-Pereira et al. 2013, Table 3, pp. 1338–1339; doi:10.1590/S0102-311X2013000700008",
E05,Thyrotoxicosis [hyperthyroidism],,,M6,"Herdt et al. 2021, Chart 1, pp. 99–100; doi:10.1055/s-0040-1719144",O1,"Nakamura-Pereira et al. 2013, Table 3, pp. 1338–1339; doi:10.1590/S0102-311X2013000700008", Exact three-character code; subcategories are not automatically included.
E05.0,Thyrotoxicosis with diffuse goitre,,,M6,"Herdt et al. 2021, Chart 1, pp. 99–100; doi:10.1055/s-0040-1719144",O1,"Nakamura-Pereira et al. 2013, Table 3, pp. 1338–1339; doi:10.1590/S0102-311X2013000700008",
E05.1,Thyrotoxicosis with toxic single thyroid nodule,,,M6,"Herdt et al. 2021, Chart 1, pp. 99–100; doi:10.1055/s-0040-1719144",O1,"Nakamura-Pereira et al. 2013, Table 3, pp. 1338–1339; doi:10.1590/S0102-311X2013000700008",
E05.2,Thyrotoxicosis with toxic multinodular goitre,,,M6,"Herdt et al. 2021, Chart 1, pp. 99–100; doi:10.1055/s-0040-1719144",O1,"Nakamura-Pereira et al. 2013, Table 3, pp. 1338–1339; doi:10.1590/S0102-311X2013000700008",
E05.3,Thyrotoxicosis from ectopic thyroid tissue,,,M6,"Herdt et al. 2021, Chart 1, pp. 99–100; doi:10.1055/s-0040-1719144",O1,"Nakamura-Pereira et al. 2013, Table 3, pp. 1338–1339; doi:10.1590/S0102-311X2013000700008",
E05.4,Thyrotoxicosis factitia,,,M6,"Herdt et al. 2021, Chart 1, pp. 99–100; doi:10.1055/s-0040-1719144",O1,"Nakamura-Pereira et al. 2013, Table 3, pp. 1338–1339; doi:10.1590/S0102-311X2013000700008",
E05.5,Thyroid crisis or storm,,,M6,"Herdt et al. 2021, Chart 1, pp. 99–100; doi:10.1055/s-0040-1719144",O1,"Nakamura-Pereira et al. 2013, Table 3, pp. 1338–1339; doi:10.1590/S0102-311X2013000700008",
E05.8,Other thyrotoxicosis,,,M6,"Herdt et al. 2021, Chart 1, pp. 99–100; doi:10.1055/s-0040-1719144",O1,"Nakamura-Pereira et al. 2013, Table 3, pp. 1338–1339; doi:10.1590/S0102-311X2013000700008",
E05.9,"Thyrotoxicosis, unspecified",,,M6,"Herdt et al. 2021, Chart 1, pp. 99–100; doi:10.1055/s-0040-1719144",O1,"Nakamura-Pereira et al. 2013, Table 3, pp. 1338–1339; doi:10.1590/S0102-311X2013000700008",
E06.0,Acute thyroiditis,,,M6,"Herdt et al. 2021, Chart 1, pp. 99–100; doi:10.1055/s-0040-1719144",O1,"Nakamura-Pereira et al. 2013, Table 3, pp. 1338–1339; doi:10.1590/S0102-311X2013000700008",
E06.2,Chronic thyroiditis with transient thyrotoxicosis,,,,,O1,"Nakamura-Pereira et al. 2013, Table 3, pp. 1338–1339; doi:10.1590/S0102-311X2013000700008",
E07,Other disorders of thyroid,,,M6,"Herdt et al. 2021, Chart 1, pp. 99–100; doi:10.1055/s-0040-1719144",,, Exact three-character code; subcategories are not automatically included.
E07.8,Other specified disorders of thyroid,,,M6,"Herdt et al. 2021, Chart 1, pp. 99–100; doi:10.1055/s-0040-1719144",,,
E07.9,"Disorder of thyroid, unspecified",,,M6,"Herdt et al. 2021, Chart 1, pp. 99–100; doi:10.1055/s-0040-1719144",,,
E10.0,Insulin-dependent diabetes mellitus: With coma,,,M6,"Herdt et al. 2021, Chart 1, pp. 99–100; doi:10.1055/s-0040-1719144",O6,"Nakamura-Pereira et al. 2013, Table 3, pp. 1338–1339; doi:10.1590/S0102-311X2013000700008",
E10.1,Insulin-dependent diabetes mellitus: With ketoacidosis,,,M6,"Herdt et al. 2021, Chart 1, pp. 99–100; doi:10.1055/s-0040-1719144",O6,"Nakamura-Pereira et al. 2013, Table 3, pp. 1338–1339; doi:10.1590/S0102-311X2013000700008",
E11.0,Non-insulin-dependent diabetes mellitus: With coma,,,M6,"Herdt et al. 2021, Chart 1, pp. 99–100; doi:10.1055/s-0040-1719144",O6,"Nakamura-Pereira et al. 2013, Table 3, pp. 1338–1339; doi:10.1590/S0102-311X2013000700008",
E11.1,Non-insulin-dependent diabetes mellitus: With ketoacidosis,,,M6,"Herdt et al. 2021, Chart 1, pp. 99–100; doi:10.1055/s-0040-1719144",O6,"Nakamura-Pereira et al. 2013, Table 3, pp. 1338–1339; doi:10.1590/S0102-311X2013000700008",
E12.0,Malnutrition-related diabetes mellitus: With coma,,,M6,"Herdt et al. 2021, Chart 1, pp. 99–100; doi:10.1055/s-0040-1719144",O6,"Nakamura-Pereira et al. 2013, Table 3, pp. 1338–1339; doi:10.1590/S0102-311X2013000700008",
E12.1,Malnutrition-related diabetes mellitus: With ketoacidosis,,,M6,"Herdt et al. 2021, Chart 1, pp. 99–100; doi:10.1055/s-0040-1719144",O6,"Nakamura-Pereira et al. 2013, Table 3, pp. 1338–1339; doi:10.1590/S0102-311X2013000700008",
E13.0,Other specified diabetes mellitus: With coma,,,M6,"Herdt et al. 2021, Chart 1, pp. 99–100; doi:10.1055/s-0040-1719144",O6,"Nakamura-Pereira et al. 2013, Table 3, pp. 1338–1339; doi:10.1590/S0102-311X2013000700008",
E13.1,Other specified diabetes mellitus: With ketoacidosis,,,M6,"Herdt et al. 2021, Chart 1, pp. 99–100; doi:10.1055/s-0040-1719144",O6,"Nakamura-Pereira et al. 2013, Table 3, pp. 1338–1339; doi:10.1590/S0102-311X2013000700008",
E14.0,Unspecified diabetes mellitus: With coma,,,M6,"Herdt et al. 2021, Chart 1, pp. 99–100; doi:10.1055/s-0040-1719144",O6,"Nakamura-Pereira et al. 2013, Table 3, pp. 1338–1339; doi:10.1590/S0102-311X2013000700008",
E14.1,Unspecified diabetes mellitus: With ketoacidosis,,,M6,"Herdt et al. 2021, Chart 1, pp. 99–100; doi:10.1055/s-0040-1719144",O6,"Nakamura-Pereira et al. 2013, Table 3, pp. 1338–1339; doi:10.1590/S0102-311X2013000700008",
E15,Nondiabetic hypoglycaemic coma,,,,,O6,"Nakamura-Pereira et al. 2013, Table 3, pp. 1338–1339; doi:10.1590/S0102-311X2013000700008", Exact three-character code; subcategories are not automatically included.
E72.2,Disorders of urea cycle metabolism,,,M4,"Herdt et al. 2021, Chart 1, pp. 99–100; doi:10.1055/s-0040-1719144",O3,"Nakamura-Pereira et al. 2013, Table 3, pp. 1338–1339; doi:10.1590/S0102-311X2013000700008",
E86,Volume depletion,,,,,O1,"Nakamura-Pereira et al. 2013, Table 3, pp. 1338–1339; doi:10.1590/S0102-311X2013000700008", Exact three-character code; subcategories are not automatically included.
G40.0,Localization-related (focal)(partial) idiopathic epilepsy and epileptic syndromes with seizures of localized onset,,,,,O6,"Nakamura-Pereira et al. 2013, Table 3, pp. 1338–1339; doi:10.1590/S0102-311X2013000700008",
G40.1,Localization-related (focal)(partial) symptomatic epilepsy and epileptic syndromes with simple partial seizures,,,,,O6,"Nakamura-Pereira et al. 2013, Table 3, pp. 1338–1339; doi:10.1590/S0102-311X2013000700008",
G40.2,Localization-related (focal)(partial) symptomatic epilepsy and epileptic syndromes with complex partial seizures,,,,,O6,"Nakamura-Pereira et al. 2013, Table 3, pp. 1338–1339; doi:10.1590/S0102-311X2013000700008",
G40.3,Generalized idiopathic epilepsy and epileptic syndromes,,,,,O6,"Nakamura-Pereira et al. 2013, Table 3, pp. 1338–1339; doi:10.1590/S0102-311X2013000700008",
G40.4,Other generalized epilepsy and epileptic syndromes,,,,,O6,"Nakamura-Pereira et al. 2013, Table 3, pp. 1338–1339; doi:10.1590/S0102-311X2013000700008",
G40.5,Special epileptic syndromes,,,,,O6,"Nakamura-Pereira et al. 2013, Table 3, pp. 1338–1339; doi:10.1590/S0102-311X2013000700008",
G40.6,"Grand mal seizures, unspecified (with or without petit mal)",,,,,O6,"Nakamura-Pereira et al. 2013, Table 3, pp. 1338–1339; doi:10.1590/S0102-311X2013000700008",
G40.7,"Petit mal, unspecified, without grand mal seizures",,,,,O6,"Nakamura-Pereira et al. 2013, Table 3, pp. 1338–1339; doi:10.1590/S0102-311X2013000700008",
G40.8,Other epilepsy,,,,,O6,"Nakamura-Pereira et al. 2013, Table 3, pp. 1338–1339; doi:10.1590/S0102-311X2013000700008",
G40.9,"Epilepsy, unspecified",,,,,O6,"Nakamura-Pereira et al. 2013, Table 3, pp. 1338–1339; doi:10.1590/S0102-311X2013000700008",
G93.6,Cerebral oedema,,,M7,"Herdt et al. 2021, Chart 1, pp. 99–100; doi:10.1055/s-0040-1719144",O6,"Nakamura-Pereira et al. 2013, Table 3, pp. 1338–1339; doi:10.1590/S0102-311X2013000700008",
I11.0,Hypertensive heart disease with (congestive) heart failure,,,M1,"Herdt et al. 2021, Chart 1, pp. 99–100; doi:10.1055/s-0040-1719144",O1,"Nakamura-Pereira et al. 2013, Table 3, pp. 1338–1339; doi:10.1590/S0102-311X2013000700008",
I12.0,Hypertensive renal disease with renal failure,,,M4,"Herdt et al. 2021, Chart 1, pp. 99–100; doi:10.1055/s-0040-1719144",O3,"Nakamura-Pereira et al. 2013, Table 3, pp. 1338–1339; doi:10.1590/S0102-311X2013000700008",
I13.0,Hypertensive heart and renal disease with (congestive) heart failure,,,,,O1,"Nakamura-Pereira et al. 2013, Table 3, pp. 1338–1339; doi:10.1590/S0102-311X2013000700008",
I13.1,Hypertensive heart and renal disease with renal failure,,,M4,"Herdt et al. 2021, Chart 1, pp. 99–100; doi:10.1055/s-0040-1719144",O3,"Nakamura-Pereira et al. 2013, Table 3, pp. 1338–1339; doi:10.1590/S0102-311X2013000700008",
I13.2,Hypertensive heart and renal disease with both (congestive) heart failure and renal failure,,,M4,"Herdt et al. 2021, Chart 1, pp. 99–100; doi:10.1055/s-0040-1719144",O1; O3,"Nakamura-Pereira et al. 2013, Table 3, pp. 1338–1339; doi:10.1590/S0102-311X2013000700008",
I26,Pulmonary embolism,,,,,O2,"Nakamura-Pereira et al. 2013, Table 3, pp. 1338–1339; doi:10.1590/S0102-311X2013000700008", Exact three-character code; subcategories are not automatically included.
I26.0,Pulmonary embolism with mention of acute cor pulmonale,,,,,O2,"Nakamura-Pereira et al. 2013, Table 3, pp. 1338–1339; doi:10.1590/S0102-311X2013000700008",
I26.9,Pulmonary embolism without mention of acute cor pulmonale,,,M3,"Herdt et al. 2021, Chart 1, pp. 99–100; doi:10.1055/s-0040-1719144",O2,"Nakamura-Pereira et al. 2013, Table 3, pp. 1338–1339; doi:10.1590/S0102-311X2013000700008",
I42.0,Dilated cardiomyopathy,,,M1,"Herdt et al. 2021, Chart 1, pp. 99–100; doi:10.1055/s-0040-1719144",O1,"Nakamura-Pereira et al. 2013, Table 3, pp. 1338–1339; doi:10.1590/S0102-311X2013000700008",
I42.1,Obstructive hypertrophic cardiomyopathy,,,M1,"Herdt et al. 2021, Chart 1, pp. 99–100; doi:10.1055/s-0040-1719144",O1,"Nakamura-Pereira et al. 2013, Table 3, pp. 1338–1339; doi:10.1590/S0102-311X2013000700008",
I42.8,Other cardiomyopathies,,,M1,"Herdt et al. 2021, Chart 1, pp. 99–100; doi:10.1055/s-0040-1719144",O1,"Nakamura-Pereira et al. 2013, Table 3, pp. 1338–1339; doi:10.1590/S0102-311X2013000700008",
I42.9,"Cardiomyopathy, unspecified",,,M1,"Herdt et al. 2021, Chart 1, pp. 99–100; doi:10.1055/s-0040-1719144",O1,"Nakamura-Pereira et al. 2013, Table 3, pp. 1338–1339; doi:10.1590/S0102-311X2013000700008",
I43.8,Cardiomyopathy in other diseases classified elsewhere,,,M1,"Herdt et al. 2021, Chart 1, pp. 99–100; doi:10.1055/s-0040-1719144",O1,"Nakamura-Pereira et al. 2013, Table 3, pp. 1338–1339; doi:10.1590/S0102-311X2013000700008",
I46,Cardiac arrest,,,M1,"Herdt et al. 2021, Chart 1, pp. 99–100; doi:10.1055/s-0040-1719144",O1,"Nakamura-Pereira et al. 2013, Table 3, pp. 1338–1339; doi:10.1590/S0102-311X2013000700008", Exact three-character code; subcategories are not automatically included.
I46.0,Cardiac arrest with successful resuscitation,,,M1,"Herdt et al. 2021, Chart 1, pp. 99–100; doi:10.1055/s-0040-1719144",O1,"Nakamura-Pereira et al. 2013, Table 3, pp. 1338–1339; doi:10.1590/S0102-311X2013000700008",
I46.9,"Cardiac arrest, unspecified",,,M1,"Herdt et al. 2021, Chart 1, pp. 99–100; doi:10.1055/s-0040-1719144",O1,"Nakamura-Pereira et al. 2013, Table 3, pp. 1338–1339; doi:10.1590/S0102-311X2013000700008",
I50,Heart failure,,,,,O1,"Nakamura-Pereira et al. 2013, Table 3, pp. 1338–1339; doi:10.1590/S0102-311X2013000700008", Exact three-character code; subcategories are not automatically included.
I50.0,Congestive heart failure,,,,,O1,"Nakamura-Pereira et al. 2013, Table 3, pp. 1338–1339; doi:10.1590/S0102-311X2013000700008",Present in WHO-CID; listed in Herdt Chart 1 but not included in the operational Mantel-CID list used here.
I50.1,Left ventricular failure,,,M1,"Herdt et al. 2021, Chart 1, pp. 99–100; doi:10.1055/s-0040-1719144",O1,"Nakamura-Pereira et al. 2013, Table 3, pp. 1338–1339; doi:10.1590/S0102-311X2013000700008",
I50.9,"Heart failure, unspecified",,,M1,"Herdt et al. 2021, Chart 1, pp. 99–100; doi:10.1055/s-0040-1719144",O1,"Nakamura-Pereira et al. 2013, Table 3, pp. 1338–1339; doi:10.1590/S0102-311X2013000700008",
I60,Subarachnoid haemorrhage,,,M7,"Herdt et al. 2021, Chart 1, pp. 99–100; doi:10.1055/s-0040-1719144",O6,"Nakamura-Pereira et al. 2013, Table 3, pp. 1338–1339; doi:10.1590/S0102-311X2013000700008", Exact three-character code; subcategories are not automatically included.
I60.0,Subarachnoid haemorrhage from carotid siphon and bifurcation,,,M7,"Herdt et al. 2021, Chart 1, pp. 99–100; doi:10.1055/s-0040-1719144",O6,"Nakamura-Pereira et al. 2013, Table 3, pp. 1338–1339; doi:10.1590/S0102-311X2013000700008",
I60.1,Subarachnoid haemorrhage from middle cerebral artery,,,M7,"Herdt et al. 2021, Chart 1, pp. 99–100; doi:10.1055/s-0040-1719144",O6,"Nakamura-Pereira et al. 2013, Table 3, pp. 1338–1339; doi:10.1590/S0102-311X2013000700008",
I60.2,Subarachnoid haemorrhage from anterior communicating artery,,,M7,"Herdt et al. 2021, Chart 1, pp. 99–100; doi:10.1055/s-0040-1719144",O6,"Nakamura-Pereira et al. 2013, Table 3, pp. 1338–1339; doi:10.1590/S0102-311X2013000700008",
I60.3,Subarachnoid haemorrhage from posterior communicating artery,,,M7,"Herdt et al. 2021, Chart 1, pp. 99–100; doi:10.1055/s-0040-1719144",O6,"Nakamura-Pereira et al. 2013, Table 3, pp. 1338–1339; doi:10.1590/S0102-311X2013000700008",
I60.4,Subarachnoid haemorrhage from basilar artery,,,M7,"Herdt et al. 2021, Chart 1, pp. 99–100; doi:10.1055/s-0040-1719144",O6,"Nakamura-Pereira et al. 2013, Table 3, pp. 1338–1339; doi:10.1590/S0102-311X2013000700008",
I60.5,Subarachnoid haemorrhage from vertebral artery,,,M7,"Herdt et al. 2021, Chart 1, pp. 99–100; doi:10.1055/s-0040-1719144",O6,"Nakamura-Pereira et al. 2013, Table 3, pp. 1338–1339; doi:10.1590/S0102-311X2013000700008",
I60.6,Subarachnoid haemorrhage from other intracranial arteries,,,M7,"Herdt et al. 2021, Chart 1, pp. 99–100; doi:10.1055/s-0040-1719144",O6,"Nakamura-Pereira et al. 2013, Table 3, pp. 1338–1339; doi:10.1590/S0102-311X2013000700008",
I60.7,"Subarachnoid haemorrhage from intracranial artery, unspecified",,,M7,"Herdt et al. 2021, Chart 1, pp. 99–100; doi:10.1055/s-0040-1719144",O6,"Nakamura-Pereira et al. 2013, Table 3, pp. 1338–1339; doi:10.1590/S0102-311X2013000700008",
I60.9,"Subarachnoid haemorrhage, unspecified",,,M7,"Herdt et al. 2021, Chart 1, pp. 99–100; doi:10.1055/s-0040-1719144",O6,"Nakamura-Pereira et al. 2013, Table 3, pp. 1338–1339; doi:10.1590/S0102-311X2013000700008",
I61,Intracerebral haemorrhage,,,M7,"Herdt et al. 2021, Chart 1, pp. 99–100; doi:10.1055/s-0040-1719144",O6,"Nakamura-Pereira et al. 2013, Table 3, pp. 1338–1339; doi:10.1590/S0102-311X2013000700008", Exact three-character code; subcategories are not automatically included.
I61.0,"Intracerebral haemorrhage in hemisphere, subcortical",,,M7,"Herdt et al. 2021, Chart 1, pp. 99–100; doi:10.1055/s-0040-1719144",O6,"Nakamura-Pereira et al. 2013, Table 3, pp. 1338–1339; doi:10.1590/S0102-311X2013000700008",
I61.1,"Intracerebral haemorrhage in hemisphere, cortical",,,M7,"Herdt et al. 2021, Chart 1, pp. 99–100; doi:10.1055/s-0040-1719144",O6,"Nakamura-Pereira et al. 2013, Table 3, pp. 1338–1339; doi:10.1590/S0102-311X2013000700008",
I61.2,"Intracerebral haemorrhage in hemisphere, unspecified",,,M7,"Herdt et al. 2021, Chart 1, pp. 99–100; doi:10.1055/s-0040-1719144",O6,"Nakamura-Pereira et al. 2013, Table 3, pp. 1338–1339; doi:10.1590/S0102-311X2013000700008",
I61.3,Intracerebral haemorrhage in brain stem,,,M7,"Herdt et al. 2021, Chart 1, pp. 99–100; doi:10.1055/s-0040-1719144",O6,"Nakamura-Pereira et al. 2013, Table 3, pp. 1338–1339; doi:10.1590/S0102-311X2013000700008",
I61.4,Intracerebral haemorrhage in cerebellum,,,M7,"Herdt et al. 2021, Chart 1, pp. 99–100; doi:10.1055/s-0040-1719144",O6,"Nakamura-Pereira et al. 2013, Table 3, pp. 1338–1339; doi:10.1590/S0102-311X2013000700008",
I61.5,"Intracerebral haemorrhage, intraventricular",,,M7,"Herdt et al. 2021, Chart 1, pp. 99–100; doi:10.1055/s-0040-1719144",O6,"Nakamura-Pereira et al. 2013, Table 3, pp. 1338–1339; doi:10.1590/S0102-311X2013000700008",
I61.6,"Intracerebral haemorrhage, multiple localized",,,M7,"Herdt et al. 2021, Chart 1, pp. 99–100; doi:10.1055/s-0040-1719144",O6,"Nakamura-Pereira et al. 2013, Table 3, pp. 1338–1339; doi:10.1590/S0102-311X2013000700008",
I61.8,Other intracerebral haemorrhage,,,M7,"Herdt et al. 2021, Chart 1, pp. 99–100; doi:10.1055/s-0040-1719144",O6,"Nakamura-Pereira et al. 2013, Table 3, pp. 1338–1339; doi:10.1590/S0102-311X2013000700008",
I61.9,"Intracerebral haemorrhage, unspecified",,,M7,"Herdt et al. 2021, Chart 1, pp. 99–100; doi:10.1055/s-0040-1719144",O6,"Nakamura-Pereira et al. 2013, Table 3, pp. 1338–1339; doi:10.1590/S0102-311X2013000700008",
I64,"Stroke, not specified as haemorrhage or infarction",,,M7,"Herdt et al. 2021, Chart 1, pp. 99–100; doi:10.1055/s-0040-1719144",O6,"Nakamura-Pereira et al. 2013, Table 3, pp. 1338–1339; doi:10.1590/S0102-311X2013000700008", Exact three-character code; subcategories are not automatically included.
I69.1,Sequelae of intracerebral haemorrhage,,,M7,"Herdt et al. 2021, Chart 1, pp. 99–100; doi:10.1055/s-0040-1719144",O6,"Nakamura-Pereira et al. 2013, Table 3, pp. 1338–1339; doi:10.1590/S0102-311X2013000700008",
J80,Adult respiratory distress syndrome,,,M3,"Herdt et al. 2021, Chart 1, pp. 99–100; doi:10.1055/s-0040-1719144",O2,"Nakamura-Pereira et al. 2013, Table 3, pp. 1338–1339; doi:10.1590/S0102-311X2013000700008", Exact three-character code; subcategories are not automatically included.
J81,Pulmonary oedema,,,M1,"Herdt et al. 2021, Chart 1, pp. 99–100; doi:10.1055/s-0040-1719144",O2,"Nakamura-Pereira et al. 2013, Table 3, pp. 1338–1339; doi:10.1590/S0102-311X2013000700008", Exact three-character code; subcategories are not automatically included.
J96,"Respiratory failure, not elsewhere classified",,,M3,"Herdt et al. 2021, Chart 1, pp. 99–100; doi:10.1055/s-0040-1719144",O2,"Nakamura-Pereira et al. 2013, Table 3, pp. 1338–1339; doi:10.1590/S0102-311X2013000700008", Exact three-character code; subcategories are not automatically included.
J96.0,Acute respiratory failure,,,M3,"Herdt et al. 2021, Chart 1, pp. 99–100; doi:10.1055/s-0040-1719144",O2,"Nakamura-Pereira et al. 2013, Table 3, pp. 1338–1339; doi:10.1590/S0102-311X2013000700008",
J96.9,"Respiratory failure, unspecified",,,M3,"Herdt et al. 2021, Chart 1, pp. 99–100; doi:10.1055/s-0040-1719144",O2,"Nakamura-Pereira et al. 2013, Table 3, pp. 1338–1339; doi:10.1590/S0102-311X2013000700008",
K35.0,Acute appendicitis with generalized peritonitis,W4,"Herdt et al. 2021, Chart 1, pp. 99–100; doi:10.1055/s-0040-1719144",M2,"Herdt et al. 2021, Chart 1, pp. 99–100; doi:10.1055/s-0040-1719144",O1,"Nakamura-Pereira et al. 2013, Table 3, pp. 1338–1339; doi:10.1590/S0102-311X2013000700008",
K35.9,"Acute appendicitis, unspecified",W4,"Herdt et al. 2021, Chart 1, pp. 99–100; doi:10.1055/s-0040-1719144",M2,"Herdt et al. 2021, Chart 1, pp. 99–100; doi:10.1055/s-0040-1719144",O1,"Nakamura-Pereira et al. 2013, Table 3, pp. 1338–1339; doi:10.1590/S0102-311X2013000700008",
K65.0,Acute peritonitis,W4,"Herdt et al. 2021, Chart 1, pp. 99–100; doi:10.1055/s-0040-1719144",M2,"Herdt et al. 2021, Chart 1, pp. 99–100; doi:10.1055/s-0040-1719144",O1,"Nakamura-Pereira et al. 2013, Table 3, pp. 1338–1339; doi:10.1590/S0102-311X2013000700008",
K65.8,Other peritonitis,W4,"Herdt et al. 2021, Chart 1, pp. 99–100; doi:10.1055/s-0040-1719144",M2,"Herdt et al. 2021, Chart 1, pp. 99–100; doi:10.1055/s-0040-1719144",O1,"Nakamura-Pereira et al. 2013, Table 3, pp. 1338–1339; doi:10.1590/S0102-311X2013000700008",
K65.9,"Peritonitis, unspecified",W4,"Herdt et al. 2021, Chart 1, pp. 99–100; doi:10.1055/s-0040-1719144",M2,"Herdt et al. 2021, Chart 1, pp. 99–100; doi:10.1055/s-0040-1719144",O1,"Nakamura-Pereira et al. 2013, Table 3, pp. 1338–1339; doi:10.1590/S0102-311X2013000700008",
K72,"Hepatic failure, not elsewhere classified",,,M5,"Herdt et al. 2021, Chart 1, pp. 99–100; doi:10.1055/s-0040-1719144",O5,"Nakamura-Pereira et al. 2013, Table 3, pp. 1338–1339; doi:10.1590/S0102-311X2013000700008", Exact three-character code; subcategories are not automatically included.
K72.0,Acute and subacute hepatic failure,,,M5,"Herdt et al. 2021, Chart 1, pp. 99–100; doi:10.1055/s-0040-1719144",O5,"Nakamura-Pereira et al. 2013, Table 3, pp. 1338–1339; doi:10.1590/S0102-311X2013000700008",
K72.9,"Hepatic failure, unspecified",,,M5,"Herdt et al. 2021, Chart 1, pp. 99–100; doi:10.1055/s-0040-1719144",O5,"Nakamura-Pereira et al. 2013, Table 3, pp. 1338–1339; doi:10.1590/S0102-311X2013000700008",
M86.9,"Osteomyelitis, unspecified",W4,"Herdt et al. 2021, Chart 1, pp. 99–100; doi:10.1055/s-0040-1719144",M2,"Herdt et al. 2021, Chart 1, pp. 99–100; doi:10.1055/s-0040-1719144",O1,"Nakamura-Pereira et al. 2013, Table 3, pp. 1338–1339; doi:10.1590/S0102-311X2013000700008",
N17,Acute renal failure,,,M4,"Herdt et al. 2021, Chart 1, pp. 99–100; doi:10.1055/s-0040-1719144",O3,"Nakamura-Pereira et al. 2013, Table 3, pp. 1338–1339; doi:10.1590/S0102-311X2013000700008", Exact three-character code; subcategories are not automatically included.
N17.0,Acute renal failure with tubular necrosis,,,M4,"Herdt et al. 2021, Chart 1, pp. 99–100; doi:10.1055/s-0040-1719144",O3,"Nakamura-Pereira et al. 2013, Table 3, pp. 1338–1339; doi:10.1590/S0102-311X2013000700008",
N17.1,Acute renal failure with acute cortical necrosis,,,M4,"Herdt et al. 2021, Chart 1, pp. 99–100; doi:10.1055/s-0040-1719144",O3,"Nakamura-Pereira et al. 2013, Table 3, pp. 1338–1339; doi:10.1590/S0102-311X2013000700008",
N17.2,Acute renal failure with medullary necrosis,,,M4,"Herdt et al. 2021, Chart 1, pp. 99–100; doi:10.1055/s-0040-1719144",O3,"Nakamura-Pereira et al. 2013, Table 3, pp. 1338–1339; doi:10.1590/S0102-311X2013000700008",
N17.8,Other acute renal failure,,,M4,"Herdt et al. 2021, Chart 1, pp. 99–100; doi:10.1055/s-0040-1719144",O3,"Nakamura-Pereira et al. 2013, Table 3, pp. 1338–1339; doi:10.1590/S0102-311X2013000700008",
N17.9,"Acute renal failure, unspecified",,,M4,"Herdt et al. 2021, Chart 1, pp. 99–100; doi:10.1055/s-0040-1719144",O3,"Nakamura-Pereira et al. 2013, Table 3, pp. 1338–1339; doi:10.1590/S0102-311X2013000700008",
N18.0,End-stage renal disease,,,M4,"Herdt et al. 2021, Chart 1, pp. 99–100; doi:10.1055/s-0040-1719144",O3,"Nakamura-Pereira et al. 2013, Table 3, pp. 1338–1339; doi:10.1590/S0102-311X2013000700008",
N70.0,Acute salpingitis and oophoritis,W4,"Herdt et al. 2021, Chart 1, pp. 99–100; doi:10.1055/s-0040-1719144",M2,"Herdt et al. 2021, Chart 1, pp. 99–100; doi:10.1055/s-0040-1719144",O1,"Nakamura-Pereira et al. 2013, Table 3, pp. 1338–1339; doi:10.1590/S0102-311X2013000700008",
N70.9,"Salpingitis and oophoritis, unspecified",W4,"Herdt et al. 2021, Chart 1, pp. 99–100; doi:10.1055/s-0040-1719144",M2,"Herdt et al. 2021, Chart 1, pp. 99–100; doi:10.1055/s-0040-1719144",O1,"Nakamura-Pereira et al. 2013, Table 3, pp. 1338–1339; doi:10.1590/S0102-311X2013000700008",
N71.0,Acute inflammatory disease of uterus,W4,"Herdt et al. 2021, Chart 1, pp. 99–100; doi:10.1055/s-0040-1719144",M2,"Herdt et al. 2021, Chart 1, pp. 99–100; doi:10.1055/s-0040-1719144",O1,"Nakamura-Pereira et al. 2013, Table 3, pp. 1338–1339; doi:10.1590/S0102-311X2013000700008",
N73.3,Female acute pelvic peritonitis,W4,"Herdt et al. 2021, Chart 1, pp. 99–100; doi:10.1055/s-0040-1719144",M2,"Herdt et al. 2021, Chart 1, pp. 99–100; doi:10.1055/s-0040-1719144",O1,"Nakamura-Pereira et al. 2013, Table 3, pp. 1338–1339; doi:10.1590/S0102-311X2013000700008",
N73.5,"Female pelvic peritonitis, unspecified",W4,"Herdt et al. 2021, Chart 1, pp. 99–100; doi:10.1055/s-0040-1719144",M2,"Herdt et al. 2021, Chart 1, pp. 99–100; doi:10.1055/s-0040-1719144",O1,"Nakamura-Pereira et al. 2013, Table 3, pp. 1338–1339; doi:10.1590/S0102-311X2013000700008",
O03.0,"Spontaneous abortion: Incomplete, complicated by genital tract and pelvic infection",W4,"Herdt et al. 2021, Chart 1, pp. 99–100; doi:10.1055/s-0040-1719144",M2,"Herdt et al. 2021, Chart 1, pp. 99–100; doi:10.1055/s-0040-1719144",O1,"Nakamura-Pereira et al. 2013, Table 3, pp. 1338–1339; doi:10.1590/S0102-311X2013000700008",
O03.1,"Spontaneous abortion: Incomplete, complicated by delayed or excessive haemorrhage",W3,"Herdt et al. 2021, Chart 1, pp. 99–100; doi:10.1055/s-0040-1719144",,,O1,"Nakamura-Pereira et al. 2013, Table 3, pp. 1338–1339; doi:10.1590/S0102-311X2013000700008",
O03.2,"Spontaneous abortion: Incomplete, complicated by embolism",,,,,O2,"Nakamura-Pereira et al. 2013, Table 3, pp. 1338–1339; doi:10.1590/S0102-311X2013000700008",
O03.5,"Spontaneous abortion: Complete or unspecified, complicated by genital tract and pelvic infection",W4,"Herdt et al. 2021, Chart 1, pp. 99–100; doi:10.1055/s-0040-1719144",M2,"Herdt et al. 2021, Chart 1, pp. 99–100; doi:10.1055/s-0040-1719144",O1,"Nakamura-Pereira et al. 2013, Table 3, pp. 1338–1339; doi:10.1590/S0102-311X2013000700008",
O03.6,"Spontaneous abortion: Complete or unspecified, complicated by delayed or excessive haemorrhage",W3,"Herdt et al. 2021, Chart 1, pp. 99–100; doi:10.1055/s-0040-1719144",,,O1,"Nakamura-Pereira et al. 2013, Table 3, pp. 1338–1339; doi:10.1590/S0102-311X2013000700008",
O03.7,"Spontaneous abortion: Complete or unspecified, complicated by embolism",,,M3,"Herdt et al. 2021, Chart 1, pp. 99–100; doi:10.1055/s-0040-1719144",O2,"Nakamura-Pereira et al. 2013, Table 3, pp. 1338–1339; doi:10.1590/S0102-311X2013000700008",
O04.0,"Medical abortion: Incomplete, complicated by genital tract and pelvic infection",W4,"Herdt et al. 2021, Chart 1, pp. 99–100; doi:10.1055/s-0040-1719144",M2,"Herdt et al. 2021, Chart 1, pp. 99–100; doi:10.1055/s-0040-1719144",O1,"Nakamura-Pereira et al. 2013, Table 3, pp. 1338–1339; doi:10.1590/S0102-311X2013000700008",
O04.1,"Medical abortion: Incomplete, complicated by delayed or excessive haemorrhage",W3,"Herdt et al. 2021, Chart 1, pp. 99–100; doi:10.1055/s-0040-1719144",,,O1,"Nakamura-Pereira et al. 2013, Table 3, pp. 1338–1339; doi:10.1590/S0102-311X2013000700008",
O04.2,"Medical abortion: Incomplete, complicated by embolism",,,,,O2,"Nakamura-Pereira et al. 2013, Table 3, pp. 1338–1339; doi:10.1590/S0102-311X2013000700008",
O04.5,"Medical abortion: Complete or unspecified, complicated by genital tract and pelvic infection",W4,"Herdt et al. 2021, Chart 1, pp. 99–100; doi:10.1055/s-0040-1719144",M2,"Herdt et al. 2021, Chart 1, pp. 99–100; doi:10.1055/s-0040-1719144",O1,"Nakamura-Pereira et al. 2013, Table 3, pp. 1338–1339; doi:10.1590/S0102-311X2013000700008",
O04.6,"Medical abortion: Complete or unspecified, complicated by delayed or excessive haemorrhage",W3,"Herdt et al. 2021, Chart 1, pp. 99–100; doi:10.1055/s-0040-1719144",,,O1,"Nakamura-Pereira et al. 2013, Table 3, pp. 1338–1339; doi:10.1590/S0102-311X2013000700008",
O04.7,"Medical abortion: Complete or unspecified, complicated by embolism",,,M3,"Herdt et al. 2021, Chart 1, pp. 99–100; doi:10.1055/s-0040-1719144",O2,"Nakamura-Pereira et al. 2013, Table 3, pp. 1338–1339; doi:10.1590/S0102-311X2013000700008",
O05.0,"Other abortion: Incomplete, complicated by genital tract and pelvic infection",W4,"Herdt et al. 2021, Chart 1, pp. 99–100; doi:10.1055/s-0040-1719144",M2,"Herdt et al. 2021, Chart 1, pp. 99–100; doi:10.1055/s-0040-1719144",O1,"Nakamura-Pereira et al. 2013, Table 3, pp. 1338–1339; doi:10.1590/S0102-311X2013000700008",
O05.1,"Other abortion: Incomplete, complicated by delayed or excessive haemorrhage",W3,"Herdt et al. 2021, Chart 1, pp. 99–100; doi:10.1055/s-0040-1719144",,,O1,"Nakamura-Pereira et al. 2013, Table 3, pp. 1338–1339; doi:10.1590/S0102-311X2013000700008",
O05.2,"Other abortion: Incomplete, complicated by embolism",,,M3,"Herdt et al. 2021, Chart 1, pp. 99–100; doi:10.1055/s-0040-1719144",O2,"Nakamura-Pereira et al. 2013, Table 3, pp. 1338–1339; doi:10.1590/S0102-311X2013000700008",
O05.5,"Other abortion: Complete or unspecified, complicated by genital tract and pelvic infection",W4,"Herdt et al. 2021, Chart 1, pp. 99–100; doi:10.1055/s-0040-1719144",M2,"Herdt et al. 2021, Chart 1, pp. 99–100; doi:10.1055/s-0040-1719144",O1,"Nakamura-Pereira et al. 2013, Table 3, pp. 1338–1339; doi:10.1590/S0102-311X2013000700008",
O05.6,"Other abortion: Complete or unspecified, complicated by delayed or excessive haemorrhage",W3,"Herdt et al. 2021, Chart 1, pp. 99–100; doi:10.1055/s-0040-1719144",,,O1,"Nakamura-Pereira et al. 2013, Table 3, pp. 1338–1339; doi:10.1590/S0102-311X2013000700008",
O05.7,"Other abortion: Complete or unspecified, complicated by embolism",,,,,O2,"Nakamura-Pereira et al. 2013, Table 3, pp. 1338–1339; doi:10.1590/S0102-311X2013000700008",
O06.0,"Unspecified abortion: Incomplete, complicated by genital tract and pelvic infection",W4,"Herdt et al. 2021, Chart 1, pp. 99–100; doi:10.1055/s-0040-1719144",M2,"Herdt et al. 2021, Chart 1, pp. 99–100; doi:10.1055/s-0040-1719144",O1,"Nakamura-Pereira et al. 2013, Table 3, pp. 1338–1339; doi:10.1590/S0102-311X2013000700008",
O06.1,"Unspecified abortion: Incomplete, complicated by delayed or excessive haemorrhage",W3,"Herdt et al. 2021, Chart 1, pp. 99–100; doi:10.1055/s-0040-1719144",,,O1,"Nakamura-Pereira et al. 2013, Table 3, pp. 1338–1339; doi:10.1590/S0102-311X2013000700008",
O06.2,"Unspecified abortion: Incomplete, complicated by embolism",,,M3,"Herdt et al. 2021, Chart 1, pp. 99–100; doi:10.1055/s-0040-1719144",O2,"Nakamura-Pereira et al. 2013, Table 3, pp. 1338–1339; doi:10.1590/S0102-311X2013000700008",
O06.5,"Unspecified abortion: Complete or unspecified, complicated by genital tract and pelvic infection",W4,"Herdt et al. 2021, Chart 1, pp. 99–100; doi:10.1055/s-0040-1719144",M2,"Herdt et al. 2021, Chart 1, pp. 99–100; doi:10.1055/s-0040-1719144",O1,"Nakamura-Pereira et al. 2013, Table 3, pp. 1338–1339; doi:10.1590/S0102-311X2013000700008",
O06.6,"Unspecified abortion: Complete or unspecified, complicated by delayed or excessive haemorrhage",W3,"Herdt et al. 2021, Chart 1, pp. 99–100; doi:10.1055/s-0040-1719144",,,O1,"Nakamura-Pereira et al. 2013, Table 3, pp. 1338–1339; doi:10.1590/S0102-311X2013000700008",
O06.7,"Unspecified abortion: Complete or unspecified, complicated by embolism",,,M3,"Herdt et al. 2021, Chart 1, pp. 99–100; doi:10.1055/s-0040-1719144",O2,"Nakamura-Pereira et al. 2013, Table 3, pp. 1338–1339; doi:10.1590/S0102-311X2013000700008",
O07.0,"Failed medical abortion, complicated by genital tract and pelvic infection",W4,"Herdt et al. 2021, Chart 1, pp. 99–100; doi:10.1055/s-0040-1719144",M2,"Herdt et al. 2021, Chart 1, pp. 99–100; doi:10.1055/s-0040-1719144",O1,"Nakamura-Pereira et al. 2013, Table 3, pp. 1338–1339; doi:10.1590/S0102-311X2013000700008",
O07.1,"Failed medical abortion, complicated by delayed or excessive haemorrhage",W3,"Herdt et al. 2021, Chart 1, pp. 99–100; doi:10.1055/s-0040-1719144",,,O1,"Nakamura-Pereira et al. 2013, Table 3, pp. 1338–1339; doi:10.1590/S0102-311X2013000700008",
O07.2,"Failed medical abortion, complicated by embolism",,,,,O2,"Nakamura-Pereira et al. 2013, Table 3, pp. 1338–1339; doi:10.1590/S0102-311X2013000700008",
O07.5,"Other and unspecified failed attempted abortion, complicated by genital tract and pelvic infection",W4,"Herdt et al. 2021, Chart 1, pp. 99–100; doi:10.1055/s-0040-1719144",M2,"Herdt et al. 2021, Chart 1, pp. 99–100; doi:10.1055/s-0040-1719144",O1,"Nakamura-Pereira et al. 2013, Table 3, pp. 1338–1339; doi:10.1590/S0102-311X2013000700008",
O07.6,"Other and unspecified failed attempted abortion, complicated by delayed or excessive haemorrhage",W3,"Herdt et al. 2021, Chart 1, pp. 99–100; doi:10.1055/s-0040-1719144",,,O1,"Nakamura-Pereira et al. 2013, Table 3, pp. 1338–1339; doi:10.1590/S0102-311X2013000700008",
O07.7,"Other and unspecified failed attempted abortion, complicated by embolism",,,,,O2,"Nakamura-Pereira et al. 2013, Table 3, pp. 1338–1339; doi:10.1590/S0102-311X2013000700008",
O08.0,Genital tract and pelvic infection following abortion and ectopic and molar pregnancy,W4,"Herdt et al. 2021, Chart 1, pp. 99–100; doi:10.1055/s-0040-1719144",M2,"Herdt et al. 2021, Chart 1, pp. 99–100; doi:10.1055/s-0040-1719144",O1,"Nakamura-Pereira et al. 2013, Table 3, pp. 1338–1339; doi:10.1590/S0102-311X2013000700008",
O08.1,Delayed or excessive haemorrhage following abortion and ectopic and molar pregnancy,W3,"Herdt et al. 2021, Chart 1, pp. 99–100; doi:10.1055/s-0040-1719144",,,O1,"Nakamura-Pereira et al. 2013, Table 3, pp. 1338–1339; doi:10.1590/S0102-311X2013000700008",
O08.2,Embolism following abortion and ectopic and molar pregnancy,W4,"Herdt et al. 2021, Chart 1, pp. 99–100; doi:10.1055/s-0040-1719144",M2,"Herdt et al. 2021, Chart 1, pp. 99–100; doi:10.1055/s-0040-1719144",O1; O2,"Nakamura-Pereira et al. 2013, Table 3, pp. 1338–1339; doi:10.1590/S0102-311X2013000700008",
O08.3,Shock following abortion and ectopic and molar pregnancy,W4,"Herdt et al. 2021, Chart 1, pp. 99–100; doi:10.1055/s-0040-1719144",M2,"Herdt et al. 2021, Chart 1, pp. 99–100; doi:10.1055/s-0040-1719144",O1,"Nakamura-Pereira et al. 2013, Table 3, pp. 1338–1339; doi:10.1590/S0102-311X2013000700008",
O08.4,Renal failure following abortion and ectopic and molar pregnancy,,,M4,"Herdt et al. 2021, Chart 1, pp. 99–100; doi:10.1055/s-0040-1719144",O3,"Nakamura-Pereira et al. 2013, Table 3, pp. 1338–1339; doi:10.1590/S0102-311X2013000700008",
O08.5,Metabolic disorders following abortion and ectopic and molar pregnancy,,,M6,"Herdt et al. 2021, Chart 1, pp. 99–100; doi:10.1055/s-0040-1719144",O1,"Nakamura-Pereira et al. 2013, Table 3, pp. 1338–1339; doi:10.1590/S0102-311X2013000700008",
O11,Pre-existing hypertensive disorder with superimposed proteinuria,W1,"Herdt et al. 2021, Chart 1, pp. 99–100; doi:10.1055/s-0040-1719144",,,,, Exact three-character code; subcategories are not automatically included.
O14.0,Moderate pre-eclampsia,W1,"Herdt et al. 2021, Chart 1, pp. 99–100; doi:10.1055/s-0040-1719144",,,,,
O14.1,Severe pre-eclampsia,W1,"Herdt et al. 2021, Chart 1, pp. 99–100; doi:10.1055/s-0040-1719144",,,,,
O14.9,"Pre-eclampsia, unspecified",W1,"Herdt et al. 2021, Chart 1, pp. 99–100; doi:10.1055/s-0040-1719144",,,,,
O15,Eclampsia,W2,"Herdt et al. 2021, Chart 1, pp. 99–100; doi:10.1055/s-0040-1719144",,,O6,"Nakamura-Pereira et al. 2013, Table 3, pp. 1338–1339; doi:10.1590/S0102-311X2013000700008", Exact three-character code; subcategories are not automatically included.
O15.0,Eclampsia in pregnancy,W2,"Herdt et al. 2021, Chart 1, pp. 99–100; doi:10.1055/s-0040-1719144",,,O6,"Nakamura-Pereira et al. 2013, Table 3, pp. 1338–1339; doi:10.1590/S0102-311X2013000700008",
O15.1,Eclampsia in labour,W2,"Herdt et al. 2021, Chart 1, pp. 99–100; doi:10.1055/s-0040-1719144",,,O6,"Nakamura-Pereira et al. 2013, Table 3, pp. 1338–1339; doi:10.1590/S0102-311X2013000700008",
O15.2,Eclampsia in the puerperium,W2,"Herdt et al. 2021, Chart 1, pp. 99–100; doi:10.1055/s-0040-1719144",,,O6,"Nakamura-Pereira et al. 2013, Table 3, pp. 1338–1339; doi:10.1590/S0102-311X2013000700008",
O15.9,"Eclampsia, unspecified as to time period",W2,"Herdt et al. 2021, Chart 1, pp. 99–100; doi:10.1055/s-0040-1719144",,,O6,"Nakamura-Pereira et al. 2013, Table 3, pp. 1338–1339; doi:10.1590/S0102-311X2013000700008",
O22.5,Cerebral venous thrombosis in pregnancy,,,M7,"Herdt et al. 2021, Chart 1, pp. 99–100; doi:10.1055/s-0040-1719144",O6,"Nakamura-Pereira et al. 2013, Table 3, pp. 1338–1339; doi:10.1590/S0102-311X2013000700008",
O26.6,"Liver disorders in pregnancy, childbirth and the puerperium",,,M5,"Herdt et al. 2021, Chart 1, pp. 99–100; doi:10.1055/s-0040-1719144",O5,"Nakamura-Pereira et al. 2013, Table 3, pp. 1338–1339; doi:10.1590/S0102-311X2013000700008",
O29,Complications of anaesthesia during pregnancy,,,,,O1; O2,"Nakamura-Pereira et al. 2013, Table 3, pp. 1338–1339; doi:10.1590/S0102-311X2013000700008", Exact three-character code; subcategories are not automatically included.
O29.0,Pulmonary complications of anaesthesia during pregnancy,,,,,O1,"Nakamura-Pereira et al. 2013, Table 3, pp. 1338–1339; doi:10.1590/S0102-311X2013000700008",
O29.1,Cardiac complications of anaesthesia during pregnancy,,,,,O1,"Nakamura-Pereira et al. 2013, Table 3, pp. 1338–1339; doi:10.1590/S0102-311X2013000700008",
O29.2,Central nervous system complications of anaesthesia during pregnancy,,,,,O6,"Nakamura-Pereira et al. 2013, Table 3, pp. 1338–1339; doi:10.1590/S0102-311X2013000700008",
O29.3,Toxic reaction to local anaesthesia during pregnancy,,,,,O1; O2,"Nakamura-Pereira et al. 2013, Table 3, pp. 1338–1339; doi:10.1590/S0102-311X2013000700008",
O29.5,Other complications of spinal and epidural anaesthesia during pregnancy,,,,,O1; O2,"Nakamura-Pereira et al. 2013, Table 3, pp. 1338–1339; doi:10.1590/S0102-311X2013000700008",
O29.6,Failed or difficult intubation during pregnancy,,,,,O2,"Nakamura-Pereira et al. 2013, Table 3, pp. 1338–1339; doi:10.1590/S0102-311X2013000700008",
O29.8,Other complications of anaesthesia during pregnancy,,,,,O1; O2,"Nakamura-Pereira et al. 2013, Table 3, pp. 1338–1339; doi:10.1590/S0102-311X2013000700008",
O29.9,"Complication of anaesthesia during pregnancy, unspecified",,,,,O1; O2,"Nakamura-Pereira et al. 2013, Table 3, pp. 1338–1339; doi:10.1590/S0102-311X2013000700008",
O41.1,Infection of amniotic sac and membranes,W4,"Herdt et al. 2021, Chart 1, pp. 99–100; doi:10.1055/s-0040-1719144",M2,"Herdt et al. 2021, Chart 1, pp. 99–100; doi:10.1055/s-0040-1719144",O1,"Nakamura-Pereira et al. 2013, Table 3, pp. 1338–1339; doi:10.1590/S0102-311X2013000700008",
O44.1,Placenta praevia with haemorrhage,W3,"Herdt et al. 2021, Chart 1, pp. 99–100; doi:10.1055/s-0040-1719144",,,O1,"Nakamura-Pereira et al. 2013, Table 3, pp. 1338–1339; doi:10.1590/S0102-311X2013000700008",
O45,Premature separation of placenta [abruptio placentae],,,,,O1,"Nakamura-Pereira et al. 2013, Table 3, pp. 1338–1339; doi:10.1590/S0102-311X2013000700008", Exact three-character code; subcategories are not automatically included.
O45.0,Premature separation of placenta with coagulation defect,W3,"Herdt et al. 2021, Chart 1, pp. 99–100; doi:10.1055/s-0040-1719144",M7,"Herdt et al. 2021, Chart 1, pp. 99–100; doi:10.1055/s-0040-1719144",O4,"Nakamura-Pereira et al. 2013, Table 3, pp. 1338–1339; doi:10.1590/S0102-311X2013000700008",
O45.8,Other premature separation of placenta,W3,"Herdt et al. 2021, Chart 1, pp. 99–100; doi:10.1055/s-0040-1719144",,,O1,"Nakamura-Pereira et al. 2013, Table 3, pp. 1338–1339; doi:10.1590/S0102-311X2013000700008",
O45.9,"Premature separation of placenta, unspecified",W3,"Herdt et al. 2021, Chart 1, pp. 99–100; doi:10.1055/s-0040-1719144",,,O1,"Nakamura-Pereira et al. 2013, Table 3, pp. 1338–1339; doi:10.1590/S0102-311X2013000700008",
O46,"Antepartum haemorrhage, not elsewhere classified",W3,"Herdt et al. 2021, Chart 1, pp. 99–100; doi:10.1055/s-0040-1719144",,,O1,"Nakamura-Pereira et al. 2013, Table 3, pp. 1338–1339; doi:10.1590/S0102-311X2013000700008", Exact three-character code; subcategories are not automatically included.
O46.0,Antepartum haemorrhage with coagulation defect,W3,"Herdt et al. 2021, Chart 1, pp. 99–100; doi:10.1055/s-0040-1719144",,,O4,"Nakamura-Pereira et al. 2013, Table 3, pp. 1338–1339; doi:10.1590/S0102-311X2013000700008",
O46.8,Other antepartum haemorrhage,W3,"Herdt et al. 2021, Chart 1, pp. 99–100; doi:10.1055/s-0040-1719144",,,O1,"Nakamura-Pereira et al. 2013, Table 3, pp. 1338–1339; doi:10.1590/S0102-311X2013000700008",
O46.9,"Antepartum haemorrhage, unspecified",W3,"Herdt et al. 2021, Chart 1, pp. 99–100; doi:10.1055/s-0040-1719144",,,O1,"Nakamura-Pereira et al. 2013, Table 3, pp. 1338–1339; doi:10.1590/S0102-311X2013000700008",
O67,"Labour and delivery complicated by intrapartum haemorrhage, not elsewhere classified",,,,,O1,"Nakamura-Pereira et al. 2013, Table 3, pp. 1338–1339; doi:10.1590/S0102-311X2013000700008", Exact three-character code; subcategories are not automatically included.
O67.0,Intrapartum haemorrhage with coagulation defect,W3,"Herdt et al. 2021, Chart 1, pp. 99–100; doi:10.1055/s-0040-1719144",,,O4,"Nakamura-Pereira et al. 2013, Table 3, pp. 1338–1339; doi:10.1590/S0102-311X2013000700008",
O67.8,Other intrapartum haemorrhage,W3,"Herdt et al. 2021, Chart 1, pp. 99–100; doi:10.1055/s-0040-1719144",,,O1,"Nakamura-Pereira et al. 2013, Table 3, pp. 1338–1339; doi:10.1590/S0102-311X2013000700008",
O67.9,"Intrapartum haemorrhage, unspecified",W3,"Herdt et al. 2021, Chart 1, pp. 99–100; doi:10.1055/s-0040-1719144",,,O1,"Nakamura-Pereira et al. 2013, Table 3, pp. 1338–1339; doi:10.1590/S0102-311X2013000700008",
O69.4,Labour and delivery complicated by vasa praevia,W3,"Herdt et al. 2021, Chart 1, pp. 99–100; doi:10.1055/s-0040-1719144",,,O1,"Nakamura-Pereira et al. 2013, Table 3, pp. 1338–1339; doi:10.1590/S0102-311X2013000700008",
O71.0,Rupture of uterus before onset of labour,W5,"Herdt et al. 2021, Chart 1, pp. 99–100; doi:10.1055/s-0040-1719144",,,O1,"Nakamura-Pereira et al. 2013, Table 3, pp. 1338–1339; doi:10.1590/S0102-311X2013000700008",
O71.1,Rupture of uterus during labour,W5,"Herdt et al. 2021, Chart 1, pp. 99–100; doi:10.1055/s-0040-1719144",,,O1,"Nakamura-Pereira et al. 2013, Table 3, pp. 1338–1339; doi:10.1590/S0102-311X2013000700008",
O72,Postpartum haemorrhage,W3,"Herdt et al. 2021, Chart 1, pp. 99–100; doi:10.1055/s-0040-1719144",,,O1,"Nakamura-Pereira et al. 2013, Table 3, pp. 1338–1339; doi:10.1590/S0102-311X2013000700008", Exact three-character code; subcategories are not automatically included.
O72.0,Third-stage haemorrhage,W3,"Herdt et al. 2021, Chart 1, pp. 99–100; doi:10.1055/s-0040-1719144",,,O1,"Nakamura-Pereira et al. 2013, Table 3, pp. 1338–1339; doi:10.1590/S0102-311X2013000700008",
O72.1,Other immediate postpartum haemorrhage,W3,"Herdt et al. 2021, Chart 1, pp. 99–100; doi:10.1055/s-0040-1719144",,,O1,"Nakamura-Pereira et al. 2013, Table 3, pp. 1338–1339; doi:10.1590/S0102-311X2013000700008",
O72.2,Delayed and secondary postpartum haemorrhage,W3,"Herdt et al. 2021, Chart 1, pp. 99–100; doi:10.1055/s-0040-1719144",,,O1,"Nakamura-Pereira et al. 2013, Table 3, pp. 1338–1339; doi:10.1590/S0102-311X2013000700008",
O72.3,Postpartum coagulation defects,,,M7,"Herdt et al. 2021, Chart 1, pp. 99–100; doi:10.1055/s-0040-1719144",O4,"Nakamura-Pereira et al. 2013, Table 3, pp. 1338–1339; doi:10.1590/S0102-311X2013000700008",
O74,Complications of anaesthesia during labour and delivery,,,,,O1; O2,"Nakamura-Pereira et al. 2013, Table 3, pp. 1338–1339; doi:10.1590/S0102-311X2013000700008", Exact three-character code; subcategories are not automatically included.
O74.0,Aspiration pneumonitis due to anaesthesia during labour and delivery,,,,,O2,"Nakamura-Pereira et al. 2013, Table 3, pp. 1338–1339; doi:10.1590/S0102-311X2013000700008",
O74.1,Other pulmonary complications of anaesthesia during labour and delivery,,,,,O2,"Nakamura-Pereira et al. 2013, Table 3, pp. 1338–1339; doi:10.1590/S0102-311X2013000700008",
O74.2,Cardiac complications of anaesthesia during labour and delivery,,,,,O1,"Nakamura-Pereira et al. 2013, Table 3, pp. 1338–1339; doi:10.1590/S0102-311X2013000700008",
O74.3,Central nervous system complications of anaesthesia during labour and delivery,,,,,O6,"Nakamura-Pereira et al. 2013, Table 3, pp. 1338–1339; doi:10.1590/S0102-311X2013000700008",
O74.4,Toxic reaction to local anaesthesia during labour and delivery,,,,,O1,"Nakamura-Pereira et al. 2013, Table 3, pp. 1338–1339; doi:10.1590/S0102-311X2013000700008",
O74.6,Other complications of spinal and epidural anaesthesia during labour and delivery,,,,,O1,"Nakamura-Pereira et al. 2013, Table 3, pp. 1338–1339; doi:10.1590/S0102-311X2013000700008",
O74.7,Failed or difficult intubation during labour and delivery,,,,,O2,"Nakamura-Pereira et al. 2013, Table 3, pp. 1338–1339; doi:10.1590/S0102-311X2013000700008",
O74.8,Other complications of anaesthesia during labour and delivery,,,,,O1,"Nakamura-Pereira et al. 2013, Table 3, pp. 1338–1339; doi:10.1590/S0102-311X2013000700008",
O74.9,"Complication of anaesthesia during labour and delivery, unspecified",,,,,O1,"Nakamura-Pereira et al. 2013, Table 3, pp. 1338–1339; doi:10.1590/S0102-311X2013000700008",
O75.1,Shock during or following labour and delivery,,,,,O1,"Nakamura-Pereira et al. 2013, Table 3, pp. 1338–1339; doi:10.1590/S0102-311X2013000700008",
O75.3,Other infection during labour,W4,"Herdt et al. 2021, Chart 1, pp. 99–100; doi:10.1055/s-0040-1719144",M2,"Herdt et al. 2021, Chart 1, pp. 99–100; doi:10.1055/s-0040-1719144",O1,"Nakamura-Pereira et al. 2013, Table 3, pp. 1338–1339; doi:10.1590/S0102-311X2013000700008",
O75.4,Other complications of obstetric surgery and procedures,,,M1,"Herdt et al. 2021, Chart 1, pp. 99–100; doi:10.1055/s-0040-1719144",O1,"Nakamura-Pereira et al. 2013, Table 3, pp. 1338–1339; doi:10.1590/S0102-311X2013000700008",
O85,Puerperal sepsis,W4,"Herdt et al. 2021, Chart 1, pp. 99–100; doi:10.1055/s-0040-1719144",M2,"Herdt et al. 2021, Chart 1, pp. 99–100; doi:10.1055/s-0040-1719144",O1,"Nakamura-Pereira et al. 2013, Table 3, pp. 1338–1339; doi:10.1590/S0102-311X2013000700008", Exact three-character code; subcategories are not automatically included.
O86,Other puerperal infections,W4,"Herdt et al. 2021, Chart 1, pp. 99–100; doi:10.1055/s-0040-1719144",M2,"Herdt et al. 2021, Chart 1, pp. 99–100; doi:10.1055/s-0040-1719144",O1,"Nakamura-Pereira et al. 2013, Table 3, pp. 1338–1339; doi:10.1590/S0102-311X2013000700008", Exact three-character code; subcategories are not automatically included.
O86.0,Infection of obstetric surgical wound,W4,"Herdt et al. 2021, Chart 1, pp. 99–100; doi:10.1055/s-0040-1719144",M2,"Herdt et al. 2021, Chart 1, pp. 99–100; doi:10.1055/s-0040-1719144",O1,"Nakamura-Pereira et al. 2013, Table 3, pp. 1338–1339; doi:10.1590/S0102-311X2013000700008",
O86.8,Other specified puerperal infections,W4,"Herdt et al. 2021, Chart 1, pp. 99–100; doi:10.1055/s-0040-1719144",M2,"Herdt et al. 2021, Chart 1, pp. 99–100; doi:10.1055/s-0040-1719144",O1,"Nakamura-Pereira et al. 2013, Table 3, pp. 1338–1339; doi:10.1590/S0102-311X2013000700008",
O88,Obstetric embolism,,,,,O2,"Nakamura-Pereira et al. 2013, Table 3, pp. 1338–1339; doi:10.1590/S0102-311X2013000700008", Exact three-character code; subcategories are not automatically included.
O88.0,Obstetric air embolism,,,,,O2,"Nakamura-Pereira et al. 2013, Table 3, pp. 1338–1339; doi:10.1590/S0102-311X2013000700008",
O88.1,Amniotic fluid embolism,,,M3,"Herdt et al. 2021, Chart 1, pp. 99–100; doi:10.1055/s-0040-1719144",O2,"Nakamura-Pereira et al. 2013, Table 3, pp. 1338–1339; doi:10.1590/S0102-311X2013000700008",
O88.2,Obstetric blood-clot embolism,,,,,O2,"Nakamura-Pereira et al. 2013, Table 3, pp. 1338–1339; doi:10.1590/S0102-311X2013000700008",
O88.3,Obstetric pyaemic and septic embolism,W4,"Herdt et al. 2021, Chart 1, pp. 99–100; doi:10.1055/s-0040-1719144",M2,"Herdt et al. 2021, Chart 1, pp. 99–100; doi:10.1055/s-0040-1719144",O1; O2,"Nakamura-Pereira et al. 2013, Table 3, pp. 1338–1339; doi:10.1590/S0102-311X2013000700008",
O89,Complications of anaesthesia during the puerperium,,,,,O1; O2,"Nakamura-Pereira et al. 2013, Table 3, pp. 1338–1339; doi:10.1590/S0102-311X2013000700008", Exact three-character code; subcategories are not automatically included.
O89.0,Pulmonary complications of anaesthesia during the puerperium,,,,,O2,"Nakamura-Pereira et al. 2013, Table 3, pp. 1338–1339; doi:10.1590/S0102-311X2013000700008",
O89.1,Cardiac complications of anaesthesia during the puerperium,,,,,O1,"Nakamura-Pereira et al. 2013, Table 3, pp. 1338–1339; doi:10.1590/S0102-311X2013000700008",
O89.2,Central nervous system complications of anaesthesia during the puerperium,,,,,O6,"Nakamura-Pereira et al. 2013, Table 3, pp. 1338–1339; doi:10.1590/S0102-311X2013000700008",
O89.3,Toxic reaction to local anaesthesia during the puerperium,,,,,O1,"Nakamura-Pereira et al. 2013, Table 3, pp. 1338–1339; doi:10.1590/S0102-311X2013000700008",
O89.5,Other complications of spinal and epidural anaesthesia during the puerperium,,,,,O1,"Nakamura-Pereira et al. 2013, Table 3, pp. 1338–1339; doi:10.1590/S0102-311X2013000700008",
O89.6,Failed or difficult intubation during the puerperium,,,,,O2,"Nakamura-Pereira et al. 2013, Table 3, pp. 1338–1339; doi:10.1590/S0102-311X2013000700008",
O89.8,Other complications of anaesthesia during the puerperium,,,,,O1,"Nakamura-Pereira et al. 2013, Table 3, pp. 1338–1339; doi:10.1590/S0102-311X2013000700008",
O89.9,"Complication of anaesthesia during the puerperium, unspecified",,,,,O1,"Nakamura-Pereira et al. 2013, Table 3, pp. 1338–1339; doi:10.1590/S0102-311X2013000700008",
O90.0,Disruption of caesarean section wound,W5,"Herdt et al. 2021, Chart 1, pp. 99–100; doi:10.1055/s-0040-1719144",,,O1,"Nakamura-Pereira et al. 2013, Table 3, pp. 1338–1339; doi:10.1590/S0102-311X2013000700008",
O90.3,Cardiomyopathy in the puerperium,,,M1,"Herdt et al. 2021, Chart 1, pp. 99–100; doi:10.1055/s-0040-1719144",O1,"Nakamura-Pereira et al. 2013, Table 3, pp. 1338–1339; doi:10.1590/S0102-311X2013000700008",
O90.4,Postpartum acute renal failure,,,M4,"Herdt et al. 2021, Chart 1, pp. 99–100; doi:10.1055/s-0040-1719144",O3,"Nakamura-Pereira et al. 2013, Table 3, pp. 1338–1339; doi:10.1590/S0102-311X2013000700008",
O98.4,"Viral hepatitis complicating pregnancy, childbirth and the puerperium",,,M5,"Herdt et al. 2021, Chart 1, pp. 99–100; doi:10.1055/s-0040-1719144",O5,"Nakamura-Pereira et al. 2013, Table 3, pp. 1338–1339; doi:10.1590/S0102-311X2013000700008",
R09.2,Respiratory arrest,,,M3,"Herdt et al. 2021, Chart 1, pp. 99–100; doi:10.1055/s-0040-1719144",O2,"Nakamura-Pereira et al. 2013, Table 3, pp. 1338–1339; doi:10.1590/S0102-311X2013000700008",
R10,Abdominal and pelvic pain,,,,,O1,"Nakamura-Pereira et al. 2013, Table 3, pp. 1338–1339; doi:10.1590/S0102-311X2013000700008", Exact three-character code; subcategories are not automatically included.
R10.0,Acute abdomen,W6,"Herdt et al. 2021, Chart 1, pp. 99–100; doi:10.1055/s-0040-1719144",,,,,
R17,Unspecified jaundice,,,,,O5,"Nakamura-Pereira et al. 2013, Table 3, pp. 1338–1339; doi:10.1590/S0102-311X2013000700008", Exact three-character code; subcategories are not automatically included.
R34,Anuria and oliguria,,,M4,"Herdt et al. 2021, Chart 1, pp. 99–100; doi:10.1055/s-0040-1719144",O3,"Nakamura-Pereira et al. 2013, Table 3, pp. 1338–1339; doi:10.1590/S0102-311X2013000700008", Exact three-character code; subcategories are not automatically included.
R40,"Somnolence, stupor and coma",,,,,O6,"Nakamura-Pereira et al. 2013, Table 3, pp. 1338–1339; doi:10.1590/S0102-311X2013000700008", Exact three-character code; subcategories are not automatically included.
R40.2,"Coma, unspecified",,,,,O6,"Nakamura-Pereira et al. 2013, Table 3, pp. 1338–1339; doi:10.1590/S0102-311X2013000700008",
R57,"Shock, not elsewhere classified",,,,,O1,"Nakamura-Pereira et al. 2013, Table 3, pp. 1338–1339; doi:10.1590/S0102-311X2013000700008", Exact three-character code; subcategories are not automatically included.
R57.0,Cardiogenic shock,,,M1,"Herdt et al. 2021, Chart 1, pp. 99–100; doi:10.1055/s-0040-1719144",O1,"Nakamura-Pereira et al. 2013, Table 3, pp. 1338–1339; doi:10.1590/S0102-311X2013000700008",
R57.1,Hypovolaemic shock,,,,,O1,"Nakamura-Pereira et al. 2013, Table 3, pp. 1338–1339; doi:10.1590/S0102-311X2013000700008",
R57.8,Other shock,,,,,O1,"Nakamura-Pereira et al. 2013, Table 3, pp. 1338–1339; doi:10.1590/S0102-311X2013000700008",
R57.9,"Shock, unspecified",,,,,O1,"Nakamura-Pereira et al. 2013, Table 3, pp. 1338–1339; doi:10.1590/S0102-311X2013000700008",
T79.4,Traumatic shock,,,,,O1,"Nakamura-Pereira et al. 2013, Table 3, pp. 1338–1339; doi:10.1590/S0102-311X2013000700008",
T80.2,"Infections following infusion, transfusion and therapeutic injection",W4,"Herdt et al. 2021, Chart 1, pp. 99–100; doi:10.1055/s-0040-1719144",M2,"Herdt et al. 2021, Chart 1, pp. 99–100; doi:10.1055/s-0040-1719144",O1,"Nakamura-Pereira et al. 2013, Table 3, pp. 1338–1339; doi:10.1590/S0102-311X2013000700008",
T81.1,"Shock during or resulting from a procedure, not elsewhere classified",,,,,O1,"Nakamura-Pereira et al. 2013, Table 3, pp. 1338–1339; doi:10.1590/S0102-311X2013000700008",
T88.2,Shock due to anaesthesia,,,,,O1,"Nakamura-Pereira et al. 2013, Table 3, pp. 1338–1339; doi:10.1590/S0102-311X2013000700008",
T88.3,Malignant hyperthermia due to anaesthesia,,,,,O1,"Nakamura-Pereira et al. 2013, Table 3, pp. 1338–1339; doi:10.1590/S0102-311X2013000700008",
T88.4,Failed or difficult intubation,,,,,O2,"Nakamura-Pereira et al. 2013, Table 3, pp. 1338–1339; doi:10.1590/S0102-311X2013000700008",
T88.5,Other complications of anaesthesia,,,,,O1; O2,"Nakamura-Pereira et al. 2013, Table 3, pp. 1338–1339; doi:10.1590/S0102-311X2013000700008",
T88.6,Anaphylactic shock due to adverse effect of correct drug or medicament properly administered,,,,,O1,"Nakamura-Pereira et al. 2013, Table 3, pp. 1338–1339; doi:10.1590/S0102-311X2013000700008",
