municipality,name,income_pc,illiteracy_10plus,sewer_septic,admissions,hypertension,hemorrhage,W,hypertension_per_1000,hemorrhage_per_1000,W_per_1000
240010,Acari - RN,407.77,16.200000000000003,82.23504403279684,825,5,144,149,6.0606060606060606,174.54545454545453,180.6060606060606
240020,Assú - RN,426.22,20.700000000000003,13.626566078404958,4361,42,16,86,9.630818619582664,3.6688832836505387,19.720247649621648
240030,Afonso Bezerra - RN,252.49,29.0,51.821586653047326,682,11,2,17,16.129032258064516,2.932551319648094,24.926686217008797
240040,Água Nova - RN,205.56,20.40000000000001,7.070707070707071,245,5,1,6,20.408163265306122,4.081632653061225,24.489795918367346
240050,Alexandria - RN,294.2,31.0,57.2484076433121,940,12,3,17,12.76595744680851,3.1914893617021276,18.085106382978722
240060,Almino Afonso - RN,286.88,23.40000000000001,12.604456824512535,402,1,0,2,2.487562189054726,0.0,4.975124378109452
240070,Alto do Rodrigues - RN,441.5,18.200000000000003,8.200391827595858,711,20,0,24,28.129395218002813,0.0,33.755274261603375
240080,Angicos - RN,334.86,24.5,38.284132841328415,910,14,6,34,15.384615384615385,6.593406593406593,37.362637362637365
240090,Antônio Martins - RN,247.46,28.8,24.8203162434116,411,3,0,8,7.299270072992701,0.0,19.464720194647203
240100,Apodi - RN,356.88,22.099999999999994,10.291029102910292,2570,31,2,70,12.062256809338521,0.7782101167315175,27.237354085603112
240110,Areia Branca - RN,445.19,15.400000000000006,29.05321354526607,1765,21,2,29,11.898016997167138,1.13314447592068,16.430594900849858
240120,Arez - RN,299.22,23.700000000000003,20.156839965146677,805,42,6,52,52.17391304347826,7.453416149068323,64.59627329192547
240130,Campo Grande - RN,376.89,27.0,17.498081350729088,570,4,4,17,7.017543859649122,7.017543859649122,29.82456140350877
240140,Baía Formosa - RN,309.79,20.8,10.363887609396592,592,22,28,52,37.16216216216216,47.2972972972973,87.83783783783784
240145,Baraúna - RN,255.44,25.599999999999994,9.675025968244547,2195,23,7,34,10.478359908883826,3.1890660592255125,15.489749430523919
240150,Barcelona - RN,266.48,27.40000000000001,25.32981530343008,198,5,0,6,25.252525252525253,0.0,30.303030303030305
240160,Bento Fernandes - RN,232.18,26.099999999999994,13.77983063895304,313,15,1,17,47.92332268370607,3.194888178913738,54.31309904153355
240165,Bodó - RN,274.38,23.3,40.57553956834533,208,7,1,8,33.65384615384615,4.8076923076923075,38.46153846153846
240170,Bom Jesus - RN,295.86,29.599999999999994,10.502625656414104,659,29,0,29,44.00606980273141,0.0,44.00606980273141
240180,Brejinho - RN,297.73,29.0,31.556503198294244,893,34,3,38,38.07390817469205,3.3594624860022395,42.5531914893617
240185,Caiçara do Norte - RN,273.99,23.700000000000003,40.41095890410959,402,16,1,17,39.80099502487562,2.487562189054726,42.288557213930346
240190,Caiçara do Rio do Vento - RN,240.51,23.90000000000001,58.52017937219731,250,12,1,14,48.0,4.0,56.0
240200,Caicó - RN,622.27,14.200000000000005,76.83961757439037,4161,39,7,52,9.372746935832733,1.6822879115597211,12.496995914443643
240210,Campo Redondo - RN,247.37,23.40000000000001,45.58414464534075,632,12,1,16,18.9873417721519,1.5822784810126582,25.31645569620253
240220,Canguaretama - RN,250.2,23.90000000000001,5.283706402915148,2817,89,20,124,31.59389421370252,7.099751508697196,44.018459353922616
240230,Caraúbas - RN,320.97,24.8,12.785543811796796,1473,9,1,37,6.109979633401222,0.6788866259334692,25.118805159538358
240240,Carnaúba dos Dantas - RN,386.98,13.200000000000005,16.75579322638146,393,9,14,23,22.900763358778626,35.6234096692112,58.524173027989825
240250,Carnaubais - RN,293.26,23.90000000000001,45.283700758944704,665,6,2,9,9.022556390977444,3.007518796992481,13.533834586466165
240260,Ceará-Mirim - RN,313.91,20.5,55.11018566718723,5478,270,43,343,49.28806133625411,7.849580138736766,62.61409273457466
240270,Cerro Corá - RN,281.57,24.90000000000001,4.746317512274959,849,27,2,33,31.802120141342755,2.3557126030624262,38.869257950530034
240280,Coronel Ezequiel - RN,236.21,27.099999999999994,20.21614748887476,345,4,0,5,11.594202898550725,0.0,14.492753623188406
240290,Coronel João Pessoa - RN,242.47,30.40000000000001,0.3142183817753338,267,9,1,11,33.70786516853933,3.745318352059925,41.19850187265918
240300,Cruzeta - RN,338.17,20.40000000000001,66.19028174765211,470,9,18,28,19.148936170212767,38.297872340425535,59.57446808510638
240310,Currais Novos - RN,517.61,16.400000000000006,83.42426187419768,2656,128,2,135,48.19277108433735,0.7530120481927711,50.82831325301205
240320,Doutor Severiano - RN,269.35,22.40000000000001,25.40937323546019,501,14,0,15,27.944111776447105,0.0,29.940119760479043
240325,Parnamirim - RN,833.82,7.599999999999994,57.58258880472078,13314,92,5,201,6.910019528316059,0.3755445395823945,15.096890491212259
240330,Encanto - RN,307.9,21.90000000000001,16.070222822417286,382,15,2,17,39.26701570680628,5.2356020942408374,44.50261780104712
240340,Equador - RN,287.83,20.5,50.43427909669948,348,13,1,15,37.35632183908046,2.8735632183908044,43.10344827586207
240350,Espírito Santo - RN,233.05,35.7,19.89830508474576,738,14,4,22,18.97018970189702,5.420054200542006,29.81029810298103
240360,Extremoz - RN,413.22,16.299999999999997,37.8058162794276,1949,137,6,159,70.29245767060031,3.078501795792714,81.58029758850692
240370,Felipe Guerra - RN,293.23,20.0,4.910179640718563,325,1,0,3,3.076923076923077,0.0,9.23076923076923
240375,Fernando Pedroza - RN,266.24,28.200000000000003,7.042253521126761,240,10,0,13,41.666666666666664,0.0,54.166666666666664
240380,Florânia - RN,356.23,21.700000000000003,73.50863422291994,669,20,2,28,29.895366218236173,2.9895366218236172,41.85351270553064
240390,Francisco Dantas - RN,296.86,27.40000000000001,1.0778443113772456,197,3,1,6,15.228426395939087,5.0761421319796955,30.456852791878173
240400,Frutuoso Gomes - RN,264.57,23.90000000000001,1.6216216216216215,324,7,2,10,21.604938271604937,6.172839506172839,30.864197530864196
240410,Galinhos - RN,287.83,24.700000000000003,0.8960573476702509,132,5,1,6,37.878787878787875,7.575757575757576,45.45454545454545
240420,Goianinha - RN,357.39,21.700000000000003,43.24517512508935,2137,69,11,89,32.288254562470755,5.147402901263454,41.647168928404305
240430,Governador Dix-Sept Rosado - RN,263.5,22.700000000000003,31.57894736842105,935,13,4,20,13.903743315508022,4.278074866310161,21.390374331550802
240440,Grossos - RN,398.69,24.3,17.67425320056899,589,10,5,16,16.97792869269949,8.488964346349745,27.164685908319186
240450,Guamaré - RN,395.06,21.40000000000001,37.308501051366775,989,41,7,52,41.45601617795753,7.077856420626896,52.578361981799794
240460,Ielmo Marinho - RN,202.4,25.8,18.96088384592416,573,34,6,41,59.33682373472949,10.471204188481675,71.55322862129145
240470,Ipanguaçu - RN,271.68,26.0,18.43220338983051,1234,21,5,32,17.01782820097245,4.051863857374392,25.93192868719611
240480,Ipueira - RN,393.6,22.5,1.875,96,1,1,2,10.416666666666666,10.416666666666666,20.833333333333332
240485,Itajá - RN,304.68,24.3,15.576820839978735,644,5,1,6,7.763975155279503,1.5527950310559007,9.316770186335404
240490,Itaú - RN,306.42,20.3,3.289473684210526,332,7,1,10,21.08433734939759,3.0120481927710845,30.120481927710845
240500,Jaçanã - RN,257.66,25.099999999999994,0.733074601121173,498,10,1,11,20.080321285140563,2.0080321285140563,22.08835341365462
240510,Jandaíra - RN,234.81,30.0,14.870689655172416,423,15,6,22,35.46099290780142,14.184397163120567,52.009456264775416
240520,Janduís - RN,266.39,25.5,41.766268260292165,417,9,4,16,21.58273381294964,9.59232613908873,38.36930455635492
240530,Januário Cicco - RN,189.99,32.599999999999994,12.016293279022404,565,29,3,36,51.32743362831859,5.3097345132743365,63.716814159292035
240540,Japi - RN,211.63,32.7,52.97805642633229,524,6,2,10,11.450381679389313,3.816793893129771,19.083969465648856
240550,Jardim de Angicos - RN,254.03,26.700000000000003,9.04109589041096,150,7,3,10,46.666666666666664,20.0,66.66666666666667
240560,Jardim de Piranhas - RN,298.1,23.5,21.13041223749028,857,11,4,17,12.835472578763127,4.667444574095683,19.83663943990665
240570,Jardim do Seridó - RN,445.31,17.099999999999994,73.74185136897002,426,4,8,12,9.389671361502348,18.779342723004696,28.169014084507044
240580,João Câmara - RN,333.49,25.0,17.54180797567536,2469,74,9,89,29.971648440664236,3.6452004860267313,36.04698258404212
240590,João Dias - RN,169.91,36.6,37.63297872340426,185,2,0,2,10.81081081081081,0.0,10.81081081081081
240600,José da Penha - RN,298.51,27.40000000000001,21.693414499169894,310,7,0,8,22.580645161290324,0.0,25.806451612903224
240610,Jucurutu - RN,299.14,29.099999999999994,31.86562915164168,1213,41,22,74,33.800494641384994,18.136850783182194,61.00577081615828
240615,Jundiá - RN,245.4,33.099999999999994,6.75146771037182,242,3,1,4,12.396694214876034,4.132231404958677,16.52892561983471
240620,Lagoa d'Anta - RN,291.03,30.599999999999994,6.6547831253713605,445,12,14,28,26.96629213483146,31.46067415730337,62.92134831460674
240630,Lagoa de Pedras - RN,212.54,33.5,8.478038815117467,497,10,2,12,20.120724346076457,4.0241448692152915,24.14486921529175
240640,Lagoa de Velhos - RN,267.29,25.0,18.68279569892473,212,7,0,7,33.0188679245283,0.0,33.0188679245283
240650,Lagoa Nova - RN,226.63,26.599999999999994,46.38783269961977,1259,55,5,61,43.68546465448769,3.971405877680699,48.451151707704526
240660,Lagoa Salgada - RN,237.12,34.5,2.2520364159080017,746,33,3,38,44.23592493297587,4.021447721179625,50.938337801608576
240670,Lajes - RN,286.4,25.099999999999994,61.07497432386169,621,23,1,26,37.03703703703704,1.6103059581320451,41.86795491143317
240680,Lajes Pintadas - RN,256.13,25.3,34.55098934550989,410,4,2,8,9.75609756097561,4.878048780487805,19.51219512195122
240690,Lucrécia - RN,388.17,22.099999999999994,72.95004712535344,234,3,0,4,12.820512820512821,0.0,17.094017094017094
240700,Luís Gomes - RN,226.42,26.8,3.8846153846153846,649,11,3,16,16.949152542372882,4.622496147919877,24.65331278890601
240710,Macaíba - RN,358.8,21.0,19.5499152237579,4731,219,13,273,46.290424857324034,2.7478334390192347,57.704502219403935
240720,Macau - RN,448.18,17.799999999999997,70.66416334193852,2589,42,8,81,16.22247972190035,3.089996137504828,31.286210892236383
240725,Major Sales - RN,281.96,26.40000000000001,20.83748753738784,272,8,0,9,29.41176470588235,0.0,33.088235294117645
240730,Marcelino Vieira - RN,277.98,27.90000000000001,31.007104053489343,587,14,1,15,23.850085178875638,1.7035775127768313,25.55366269165247
240740,Martins - RN,289.72,18.0,0.2913025384935497,461,9,2,15,19.522776572668114,4.3383947939262475,32.53796095444685
240750,Maxaranguape - RN,294.29,19.8,5.510597302504817,772,50,4,60,64.76683937823834,5.181347150259067,77.72020725388602
240760,Messias Targino - RN,348.42,30.3,17.517006802721088,229,4,0,4,17.467248908296945,0.0,17.467248908296945
240770,Montanhas - RN,244.33,27.3,5.331179321486268,817,42,31,79,51.407588739290084,37.9436964504284,96.6952264381885
240780,Monte Alegre - RN,277.5,26.90000000000001,23.586061985641745,1417,37,20,60,26.11150317572336,14.114326040931546,42.342978122794634
240790,Monte das Gameleiras - RN,255.4,27.8,25.229357798165136,199,4,2,7,20.100502512562816,10.050251256281408,35.175879396984925
240800,Mossoró - RN,590.33,13.0,64.89879370271927,17718,199,86,315,11.231515972457387,4.853820973021786,17.77853030816119
240810,Natal - RN,921.29,8.0,62.76865855419027,48307,3238,191,3787,67.02962303599892,3.953878319912228,78.39443558904506
240820,Nísia Floresta - RN,329.63,20.700000000000003,21.49239692741809,1688,44,4,55,26.066350710900473,2.3696682464454977,32.58293838862559
240830,Nova Cruz - RN,307.24,29.200000000000003,14.132434089515634,2932,67,464,544,22.85129604365621,158.2537517053206,185.53888130968622
240840,Olho d'Água do Borges - RN,285.44,32.7,2.414330218068536,219,1,1,3,4.566210045662101,4.566210045662101,13.698630136986301
240850,Ouro Branco - RN,347.55,19.599999999999994,16.846652267818573,226,4,0,4,17.699115044247787,0.0,17.699115044247787
240860,Paraná - RN,213.88,31.8,1.1586452762923352,264,2,1,3,7.575757575757576,3.787878787878788,11.363636363636363
240870,Paraú - RN,292.69,26.099999999999994,18.63636363636364,171,2,1,3,11.695906432748538,5.847953216374269,17.54385964912281
240880,Parazinho - RN,232.63,29.5,44.8559670781893,337,16,0,19,47.47774480712166,0.0,56.37982195845697
240890,Parelhas - RN,386.68,15.799999999999995,70.94115707928135,1848,91,7,102,49.24242424242424,3.787878787878788,55.1948051948052
240895,Rio do Fogo - RN,236.42,24.5,0.8956386292834891,797,49,3,55,61.480552070263485,3.764115432873275,69.00878293601004
240910,Passa e Fica - RN,258.3,30.0,59.5807402554864,766,23,5,29,30.026109660574413,6.527415143603133,37.85900783289817
240920,Passagem - RN,237.92,26.099999999999994,6.168446026097271,201,5,5,11,24.875621890547265,24.875621890547265,54.72636815920398
240930,Patu - RN,326.35,26.099999999999994,21.85612300933553,804,11,1,14,13.681592039800995,1.243781094527363,17.412935323383085
240933,Santa Maria - RN,239.8,26.599999999999994,0.9146341463414634,295,16,0,17,54.23728813559322,0.0,57.6271186440678
240940,Pau dos Ferros - RN,499.06,17.0,57.55727091633466,2204,63,5,76,28.584392014519057,2.268602540834846,34.48275862068966
240950,Pedra Grande - RN,206.95,23.3,3.10077519379845,240,14,1,18,58.333333333333336,4.166666666666667,75.0
240960,Pedra Preta - RN,215.29,22.3,4.078549848942598,163,5,1,6,30.67484662576687,6.134969325153374,36.809815950920246
240970,Pedro Avelino - RN,286.66,25.8,49.42240080361627,353,18,1,19,50.991501416430594,2.8328611898016995,53.82436260623229
240980,Pedro Velho - RN,257.19,29.3,36.39937106918239,1076,37,9,51,34.386617100371744,8.364312267657992,47.39776951672862
240990,Pendências - RN,389.38,21.40000000000001,61.74792531120332,865,20,2,27,23.121387283236995,2.3121387283236996,31.213872832369944
241000,Pilões - RN,259.43,27.8,21.979166666666668,215,2,1,3,9.30232558139535,4.651162790697675,13.953488372093023
241010,Poço Branco - RN,258.71,27.8,9.467103304554929,774,34,1,41,43.92764857881137,1.2919896640826873,52.97157622739018
241020,Portalegre - RN,295.33,22.099999999999994,1.1267605633802815,506,17,0,17,33.59683794466403,0.0,33.59683794466403
241025,Porto do Mangue - RN,255.03,26.3,0.2775850104094379,357,2,0,2,5.602240896358543,0.0,5.602240896358543
241030,Serra Caiada - RN,240.01,29.90000000000001,27.512998266897743,781,20,5,30,25.60819462227913,6.402048655569782,38.41229193341869
241040,Pureza - RN,193.38,25.700000000000003,1.4411901441190145,550,25,5,30,45.45454545454545,9.090909090909092,54.54545454545455
241050,Rafael Fernandes - RN,309.39,22.8,20.83024462564863,365,9,1,11,24.65753424657534,2.73972602739726,30.136986301369863
241060,Rafael Godeiro - RN,299.2,23.099999999999994,3.5639412997903563,229,2,1,4,8.733624454148472,4.366812227074236,17.467248908296945
241070,Riacho da Cruz - RN,230.21,24.40000000000001,59.49506037321625,254,7,0,8,27.559055118110237,0.0,31.496062992125985
241080,Riacho de Santana - RN,236.56,25.200000000000003,15.26530612244898,310,4,2,6,12.903225806451612,6.451612903225806,19.35483870967742
241090,Riachuelo - RN,259.35,27.8,60.88840736728061,531,24,5,33,45.19774011299435,9.416195856873824,62.14689265536723
241100,Rodolfo Fernandes - RN,260.4,28.0,21.686746987951807,316,8,0,8,25.31645569620253,0.0,25.31645569620253
241105,Tibau - RN,366.07,21.0,31.65182987141444,349,4,0,6,11.461318051575931,0.0,17.191977077363898
241110,Ruy Barbosa - RN,240.35,28.5,0.7223942208462333,190,10,1,13,52.63157894736842,5.2631578947368425,68.42105263157895
241120,Santa Cruz - RN,318.64,22.099999999999994,81.4661692043965,3392,59,11,96,17.3938679245283,3.2429245283018866,28.30188679245283
241140,Santana do Matos - RN,250.67,26.90000000000001,58.53718804052384,772,24,10,34,31.088082901554404,12.953367875647668,44.04145077720207
241142,Santana do Seridó - RN,325.16,18.200000000000003,65.56016597510373,152,1,3,4,6.578947368421052,19.736842105263158,26.31578947368421
241150,Santo Antônio - RN,318.35,27.90000000000001,21.079893266363207,2067,58,13,86,28.059990324141268,6.289308176100629,41.606192549588776
241160,São Bento do Norte - RN,229.9,30.40000000000001,65.99496221662469,206,16,1,17,77.66990291262135,4.854368932038835,82.52427184466019
241170,São Bento do Trairí - RN,208.01,25.40000000000001,70.49659201557935,376,4,1,7,10.638297872340425,2.6595744680851063,18.617021276595743
241180,São Fernando - RN,308.77,25.200000000000003,37.387836490528414,224,0,0,0,0.0,0.0,0.0
241190,São Francisco do Oeste - RN,297.59,25.200000000000003,0.5172413793103449,246,3,0,3,12.195121951219512,0.0,12.195121951219512
241200,São Gonçalo do Amarante - RN,359.96,13.900000000000006,65.63330743118891,8655,299,28,419,34.546504910456385,3.2351242056614673,48.41132293471981
241210,São João do Sabugi - RN,376.57,19.099999999999994,4.295812941816204,352,2,0,2,5.681818181818182,0.0,5.681818181818182
241220,São José de Mipibu - RN,322.78,22.90000000000001,19.279562922492826,3411,84,10,103,24.626209322779243,2.9316915860451482,30.196423336265024
241230,São José do Campestre - RN,259.62,26.5,43.69382429689765,922,27,7,37,29.284164859002168,7.592190889370933,40.130151843817785
241240,São José do Seridó - RN,404.11,14.799999999999995,66.63974151857835,187,3,6,10,16.0427807486631,32.0855614973262,53.475935828877006
241250,São Miguel - RN,281.96,27.200000000000003,3.820116054158608,1671,16,4,20,9.57510472770796,2.39377618192699,11.968880909634949
241255,São Miguel do Gostoso - RN,256.37,26.599999999999994,2.9585798816568047,535,31,2,38,57.94392523364486,3.7383177570093458,71.02803738317758
241260,São Paulo do Potengi - RN,298.76,23.40000000000001,59.66423680141374,1228,32,7,48,26.058631921824105,5.700325732899023,39.08794788273616
241270,São Pedro - RN,284.36,28.200000000000003,2.8438769587928032,473,21,2,24,44.397463002114165,4.2283298097251585,50.7399577167019
241280,São Rafael - RN,306.67,29.40000000000001,60.8298755186722,392,4,0,4,10.204081632653061,0.0,10.204081632653061
241290,São Tomé - RN,266.0,28.40000000000001,27.33974358974359,661,33,0,36,49.92435703479576,0.0,54.46293494704992
241300,São Vicente - RN,320.92,21.5,61.01601325234677,301,7,0,7,23.25581395348837,0.0,23.25581395348837
241310,Senador Elói de Souza - RN,203.09,28.099999999999994,17.875647668393782,383,17,3,21,44.38642297650131,7.83289817232376,54.83028720626632
241320,Senador Georgino Avelino - RN,224.55,25.599999999999994,1.8234165067178505,341,12,0,14,35.19061583577712,0.0,41.05571847507331
241330,Serra de São Bento - RN,242.24,34.599999999999994,11.426767676767676,404,4,2,6,9.900990099009901,4.9504950495049505,14.851485148514852
241335,Serra do Mel - RN,280.64,23.200000000000003,1.4342058085335243,1058,11,2,13,10.396975425330814,1.890359168241966,12.287334593572778
241340,Serra Negra do Norte - RN,288.55,23.599999999999994,74.33751743375174,459,3,0,3,6.5359477124183005,0.0,6.5359477124183005
241350,Serrinha - RN,239.32,28.099999999999994,3.5353535353535355,560,10,2,15,17.857142857142858,3.5714285714285716,26.785714285714285
241355,Serrinha dos Pintos - RN,249.53,24.700000000000003,0.6559766763848397,240,8,0,8,33.333333333333336,0.0,33.333333333333336
241360,Severiano Melo - RN,285.53,26.200000000000003,9.971014492753625,474,4,1,8,8.438818565400844,2.109704641350211,16.877637130801688
241370,Sítio Novo - RN,213.34,28.700000000000003,13.244569025928522,429,9,0,10,20.97902097902098,0.0,23.31002331002331
241380,Taboleiro Grande - RN,276.78,21.5,1.1594202898550725,181,8,0,8,44.19889502762431,0.0,44.19889502762431
241390,Taipu - RN,233.26,32.099999999999994,5.812807881773399,615,47,3,53,76.42276422764228,4.878048780487805,86.17886178861788
241400,Tangará - RN,263.83,24.0,77.31694828469023,1181,24,0,31,20.321761219305674,0.0,26.248941574936495
241410,Tenente Ananias - RN,276.13,24.8,28.76455125797972,692,7,2,9,10.115606936416185,2.8901734104046244,13.00578034682081
241415,Tenente Laurentino Cruz - RN,256.17,19.90000000000001,6.229720960415315,516,14,0,15,27.131782945736433,0.0,29.069767441860463
241420,Tibau do Sul - RN,466.52,20.3,23.65724930145917,854,43,0,45,50.35128805620609,0.0,52.69320843091335
241430,Timbaúba dos Batistas - RN,361.22,21.200000000000003,97.33333333333331,123,0,0,0,0.0,0.0,0.0
241440,Touros - RN,262.51,27.0,19.63337547408344,2333,123,12,163,52.72181740248607,5.143591941705958,69.86712387483927
241445,Triunfo Potiguar - RN,276.4,27.599999999999994,1.3086150490730644,269,8,1,9,29.739776951672862,3.717472118959108,33.45724907063197
241450,Umarizal - RN,304.32,23.700000000000003,4.996796925048046,751,9,2,14,11.984021304926765,2.663115845539281,18.641810918774965
241460,Upanema - RN,229.98,26.200000000000003,1.4578833693304536,1022,13,4,20,12.720156555772995,3.9138943248532287,19.569471624266146
241470,Várzea - RN,287.25,28.599999999999994,13.51875808538163,381,7,2,13,18.37270341207349,5.2493438320209975,34.120734908136484
241475,Venha-Ver - RN,177.88,29.099999999999994,3.7593984962406015,266,5,0,5,18.796992481203006,0.0,18.796992481203006
241480,Vera Cruz - RN,254.33,29.0,3.5443037974683542,811,23,6,31,28.360049321824906,7.398273736128237,38.224414303329226
241490,Viçosa - RN,245.16,20.0,73.8045738045738,133,7,1,8,52.63157894736842,7.518796992481203,60.150375939849624
241500,Vila Flor - RN,250.26,22.200000000000003,1.7467248908296944,210,12,0,15,57.142857142857146,0.0,71.42857142857143
