territory,year,admissions,W,hemorrhage,diagnosis,cases,per_1000,percent_of_all_markers,percent_of_hemorrhage
AL,2008,55616,1989,476,O031,164,2.9487917146144995,8.24534942182001,34.45378151260504
AL,2008,55616,1989,476,O061,81,1.456415420023015,4.072398190045249,17.016806722689076
AL,2009,53988,1830,482,O031,160,2.963621545528636,8.743169398907105,33.19502074688797
AL,2009,53988,1830,482,O061,64,1.1854486182114543,3.4972677595628414,13.278008298755188
AL,2010,52891,1738,433,O031,146,2.7603940178858406,8.400460299194476,33.71824480369515
AL,2010,52891,1738,433,O061,46,0.8697131837174567,2.6467203682393556,10.623556581986143
AL,2011,53542,1689,358,O031,136,2.5400620073960627,8.052101835405566,37.98882681564246
AL,2011,53542,1689,358,O061,4,0.0747077060998842,0.23682652457075193,1.1173184357541899
AL,2012,49768,1640,261,O031,97,1.9490435621282751,5.914634146341464,37.16475095785441
AL,2012,49768,1640,261,O061,0,0.0,0.0,0.0
AL,2013,48748,1879,212,O031,54,1.107737753343727,2.873869079297499,25.471698113207548
AL,2013,48748,1879,212,O061,0,0.0,0.0,0.0
AL,2014,45663,1382,204,O031,73,1.5986685062304273,5.2821997105644,35.78431372549019
AL,2014,45663,1382,204,O061,0,0.0,0.0,0.0
AL,2015,48366,1931,364,O031,194,4.011082165157342,10.046607975142413,53.2967032967033
AL,2015,48366,1931,364,O061,4,0.08270272505479055,0.20714655618850336,1.098901098901099
AL,2016,47508,2149,513,O031,309,6.50416771912099,14.378780828292228,60.23391812865497
AL,2016,47508,2149,513,O061,6,0.1262945188178833,0.27919962773382967,1.1695906432748537
AL,2017,47816,2106,440,O031,239,4.998326919859461,11.348528015194681,54.31818181818182
AL,2017,47816,2106,440,O061,4,0.0836540070269366,0.1899335232668566,0.9090909090909091
AL,2018,49340,1971,392,O031,172,3.4860154033238753,8.726534753932015,43.87755102040816
AL,2018,49340,1971,392,O061,5,0.10133765707336846,0.2536783358701167,1.2755102040816326
AL,2019,47619,1971,382,O031,187,3.927003927003927,9.487569761542364,48.952879581151834
AL,2019,47619,1971,382,O061,6,0.126000126000126,0.30441400304414,1.5706806282722514
AL,2020,46638,1477,263,O031,91,1.9511985934216733,6.161137440758294,34.60076045627376
AL,2020,46638,1477,263,O061,5,0.10720871392426777,0.33852403520649965,1.9011406844106464
AL,2021,46462,2077,294,O031,94,2.023158710343937,4.525758305247954,31.972789115646258
AL,2021,46462,2077,294,O061,13,0.27979854504756574,0.6259027443428021,4.421768707482993
AL,2022,42546,2051,324,O031,85,1.9978376345602407,4.144319843978547,26.234567901234566
AL,2022,42546,2051,324,O061,17,0.3995675269120481,0.8288639687957094,5.246913580246914
AL,2023,45533,2454,268,O031,70,1.5373465398721806,2.852485737571312,26.119402985074625
AL,2023,45533,2454,268,O061,31,0.6808248962291086,1.263243683781581,11.567164179104477
AL,2024,43442,2159,275,O031,31,0.71359513834538,1.4358499305233905,11.272727272727273
AL,2024,43442,2159,275,O061,17,0.391326366189402,0.7874015748031497,6.181818181818182
AL,2025,44947,1909,213,O031,29,0.6452043517921107,1.5191199580932426,13.615023474178404
AL,2025,44947,1909,213,O061,6,0.13349055554319533,0.3143006809848088,2.816901408450704
BA,2008,199817,6424,1763,O031,450,2.2520606354814654,7.004981320049813,25.524673851389675
BA,2008,199817,6424,1763,O061,86,0.43039381033645785,1.3387297633872977,4.878048780487805
BA,2009,211554,6869,1645,O031,445,2.1034818533329553,6.478381132624836,27.051671732522795
BA,2009,211554,6869,1645,O061,75,0.35451941348308236,1.0918619886446352,4.5592705167173255
BA,2010,210140,6628,1568,O031,593,2.8219282383173123,8.946891973445986,37.81887755102041
BA,2010,210140,6628,1568,O061,64,0.3045588655182259,0.9656004828002414,4.081632653061225
BA,2011,206021,6335,1474,O031,568,2.7570004999490343,8.966061562746646,38.53459972862958
BA,2011,206021,6335,1474,O061,60,0.2912324471777149,0.9471191791633781,4.07055630936228
BA,2012,196423,5992,1416,O031,664,3.380459518488161,11.081441922563418,46.89265536723164
BA,2012,196423,5992,1416,O061,30,0.1527316047509711,0.5006675567423231,2.1186440677966103
BA,2013,189337,6077,1454,O031,655,3.459440046055446,10.778344577916736,45.04814305364512
BA,2013,189337,6077,1454,O061,62,0.3274584471075384,1.0202402501234162,4.264099037138927
BA,2014,191116,6129,1537,O031,666,3.4847945750224993,10.866372980910425,43.331164606376056
BA,2014,191116,6129,1537,O061,92,0.4813830343874924,1.5010605318975363,5.985686402081978
BA,2015,196441,6044,1383,O031,622,3.166345111254779,10.29119788219722,44.97469269703543
BA,2015,196441,6044,1383,O061,34,0.17307995784993968,0.5625413633355394,2.458423716558207
BA,2016,189168,6294,1401,O031,691,3.6528376892497674,10.978709882427708,49.321912919343326
BA,2016,189168,6294,1401,O061,41,0.21673856043305423,0.6514140451223387,2.9264810849393292
BA,2017,196293,6351,1621,O031,732,3.729119224832266,11.525743977326405,45.15731030228254
BA,2017,196293,6351,1621,O061,34,0.17321045579822,0.5353487639741773,2.097470697100555
BA,2018,193192,5975,1349,O031,415,2.1481220754482586,6.945606694560669,30.763528539659006
BA,2018,193192,5975,1349,O061,43,0.2225765042030726,0.7196652719665272,3.1875463306152705
BA,2019,188985,5920,1275,O031,354,1.8731645368680054,5.97972972972973,27.764705882352942
BA,2019,188985,5920,1275,O061,105,0.5555996507659338,1.7736486486486487,8.235294117647058
BA,2020,176673,5735,1259,O031,446,2.5244378031730936,7.776809067131648,35.42494042891183
BA,2020,176673,5735,1259,O061,43,0.24338750120278707,0.7497820401046208,3.415409054805401
BA,2021,180201,5544,1221,O031,422,2.3418294016126437,7.611832611832612,34.56183456183456
BA,2021,180201,5544,1221,O061,39,0.21642499209216376,0.7034632034632035,3.194103194103194
BA,2022,174011,5849,1224,O031,391,2.24698438604456,6.68490340229099,31.944444444444443
BA,2022,174011,5849,1224,O061,55,0.31607197246151103,0.9403316806291674,4.493464052287582
BA,2023,171566,5616,1130,O031,376,2.1915764195703114,6.695156695156695,33.27433628318584
BA,2023,171566,5616,1130,O061,45,0.2622897310655957,0.8012820512820513,3.982300884955752
BA,2024,164078,5435,1037,O031,359,2.1879837638196467,6.605335786568538,34.619093539054965
BA,2024,164078,5435,1037,O061,32,0.19502919343239192,0.5887764489420423,3.085824493731919
BA,2025,166477,6021,971,O031,311,1.8681259273052735,5.165254941039694,32.02883625128733
BA,2025,166477,6021,971,O061,40,0.2402734311646654,0.6643414715163594,4.11946446961895
CE,2008,120964,4774,574,O031,33,0.27280843887437584,0.6912442396313364,5.7491289198606275
CE,2008,120964,4774,574,O061,50,0.4133461195066301,1.0473397570171763,8.710801393728223
CE,2009,123488,4592,488,O031,21,0.17005700958797615,0.4573170731707317,4.30327868852459
CE,2009,123488,4592,488,O061,3,0.024293858512568024,0.06533101045296168,0.6147540983606558
CE,2010,123740,5123,495,O031,30,0.24244383384515922,0.5855943782939684,6.0606060606060606
CE,2010,123740,5123,495,O061,6,0.04848876676903184,0.11711887565879367,1.2121212121212122
CE,2011,117187,4530,475,O031,42,0.35840152917985785,0.9271523178807947,8.842105263157896
CE,2011,117187,4530,475,O061,17,0.14506728562041865,0.37527593818984545,3.5789473684210527
CE,2012,112696,4650,451,O031,14,0.12422801164193938,0.3010752688172043,3.104212860310421
CE,2012,112696,4650,451,O061,8,0.07098743522396536,0.17204301075268819,1.7738359201773837
CE,2013,113629,5456,599,O031,15,0.1320085541543092,0.2749266862170088,2.5041736227045077
CE,2013,113629,5456,599,O061,3,0.02640171083086184,0.05498533724340176,0.5008347245409015
CE,2014,118002,5760,582,O031,23,0.19491195064490432,0.3993055555555556,3.9518900343642613
CE,2014,118002,5760,582,O061,4,0.03389773054693988,0.06944444444444445,0.6872852233676976
CE,2015,123229,5931,624,O031,20,0.16229945873130514,0.3372112628561794,3.2051282051282053
CE,2015,123229,5931,624,O061,3,0.02434491880969577,0.05058168942842691,0.4807692307692308
CE,2016,118120,5859,593,O031,19,0.16085336945479173,0.3242874210616146,3.204047217537943
CE,2016,118120,5859,593,O061,5,0.04232983406705046,0.08533879501621437,0.8431703204047217
CE,2017,117541,7066,761,O031,35,0.29776843824707977,0.4953297480894424,4.599211563731932
CE,2017,117541,7066,761,O061,7,0.059553687649415946,0.09906594961788848,0.9198423127463863
CE,2018,123311,7824,724,O031,40,0.32438306396023064,0.5112474437627812,5.524861878453039
CE,2018,123311,7824,724,O061,8,0.06487661279204612,0.10224948875255624,1.1049723756906078
CE,2019,125673,8561,826,O031,87,0.6922728032274236,1.0162364209788577,10.532687651331718
CE,2019,125673,8561,826,O061,5,0.039785793288932385,0.05840439201027917,0.6053268765133172
CE,2020,117148,8728,806,O031,101,0.8621572711441937,1.1571952337305225,12.531017369727047
CE,2020,117148,8728,806,O061,28,0.23901389695086558,0.3208065994500458,3.4739454094292803
CE,2021,118994,9417,820,O031,98,0.8235709363497319,1.040671126685781,11.951219512195122
CE,2021,118994,9417,820,O061,22,0.18488327142545002,0.2336200488478284,2.682926829268293
CE,2022,113485,8917,663,O031,91,0.8018680882936071,1.0205225972860827,13.72549019607843
CE,2022,113485,8917,663,O061,33,0.29078732872185753,0.3700796231916564,4.97737556561086
CE,2023,113897,8916,605,O031,49,0.4302132628603036,0.5495737999102737,8.099173553719009
CE,2023,113897,8916,605,O061,16,0.14047780011765015,0.17945266935845672,2.644628099173554
CE,2024,110817,8355,554,O031,52,0.4692420837958075,0.6223818073010173,9.386281588447654
CE,2024,110817,8355,554,O061,9,0.08121497604158207,0.10771992818671454,1.6245487364620939
CE,2025,113428,8932,497,O031,40,0.3526466128292838,0.4478280340349306,8.048289738430583
CE,2025,113428,8932,497,O061,6,0.05289699192439257,0.06717420510523958,1.2072434607645874
MA,2008,101997,2731,1003,O031,32,0.3137347176877751,1.171731966312706,3.1904287138584246
MA,2008,101997,2731,1003,O061,198,1.9412335656931086,7.250091541559868,19.740777666999
MA,2009,102356,2309,1002,O031,22,0.2149361053577709,0.9527934170636639,2.1956087824351296
MA,2009,102356,2309,1002,O061,164,1.602250967212474,7.102641836292768,16.367265469061877
MA,2010,103325,2012,924,O031,112,1.0839583837406241,5.566600397614314,12.121212121212121
MA,2010,103325,2012,924,O061,169,1.6356157754657634,8.399602385685885,18.29004329004329
MA,2011,98289,2218,1019,O031,114,1.1598449470439216,5.139765554553652,11.187438665358194
MA,2011,98289,2218,1019,O061,157,1.5973303218061023,7.078449053201082,15.407262021589794
MA,2012,98518,2470,1092,O031,193,1.959032867090278,7.813765182186235,17.673992673992675
MA,2012,98518,2470,1092,O061,129,1.309405387847906,5.222672064777328,11.813186813186814
MA,2013,96554,2100,416,O031,160,1.6571037968390745,7.619047619047619,38.46153846153846
MA,2013,96554,2100,416,O061,69,0.7146260123868509,3.2857142857142856,16.58653846153846
MA,2014,96706,2458,373,O031,110,1.1374682025934275,4.475183075671278,29.490616621983914
MA,2014,96706,2458,373,O061,29,0.2998779806837218,1.1798209926769732,7.774798927613941
MA,2015,98132,2366,358,O031,76,0.7744670443891901,3.212172442941674,21.22905027932961
MA,2015,98132,2366,358,O061,26,0.26494925202788083,1.098901098901099,7.262569832402234
MA,2016,88242,2535,323,O031,76,0.8612678769746832,2.998027613412229,23.529411764705884
MA,2016,88242,2535,323,O061,15,0.16998708098184537,0.591715976331361,4.643962848297214
MA,2017,95294,2922,389,O031,134,1.4061745755241672,4.58590006844627,34.447300771208226
MA,2017,95294,2922,389,O061,13,0.13641992150607593,0.44490075290896647,3.341902313624679
MA,2018,108738,3076,372,O031,110,1.011605878349795,3.576072821846554,29.56989247311828
MA,2018,108738,3076,372,O061,8,0.07357133660725781,0.26007802340702213,2.150537634408602
MA,2019,107771,3493,279,O031,70,0.6495253825240557,2.004008016032064,25.089605734767026
MA,2019,107771,3493,279,O061,10,0.09278934036057937,0.286286859433152,3.5842293906810037
MA,2020,98186,2852,337,O031,90,0.9166276251196708,3.1556802244039273,26.706231454005934
MA,2020,98186,2852,337,O061,19,0.19351027641415272,0.6661991584852734,5.637982195845697
MA,2021,106316,3352,384,O031,117,1.1004928703111478,3.490453460620525,30.46875
MA,2021,106316,3352,384,O061,7,0.06584145377929945,0.20883054892601433,1.8229166666666667
MA,2022,98486,3272,460,O031,110,1.1169100176674858,3.3618581907090466,23.91304347826087
MA,2022,98486,3272,460,O061,18,0.18276709380013403,0.5501222493887531,3.9130434782608696
MA,2023,97258,3160,416,O031,97,0.9973472619218985,3.069620253164557,23.317307692307693
MA,2023,97258,3160,416,O061,17,0.17479281909971417,0.5379746835443038,4.086538461538462
MA,2024,94078,3326,429,O031,111,1.1798720210888838,3.3373421527360194,25.874125874125873
MA,2024,94078,3326,429,O061,10,0.10629477667467421,0.30066145520144316,2.331002331002331
MA,2025,96945,4234,420,O031,96,0.9902522048584249,2.2673594709494567,22.857142857142858
MA,2025,96945,4234,420,O061,5,0.05157563566970963,0.11809163911195088,1.1904761904761905
PB,2008,54981,1919,644,O031,172,3.1283534311853187,8.963001563314226,26.70807453416149
PB,2008,54981,1919,644,O061,0,0.0,0.0,0.0
PB,2009,56575,2436,1210,O031,272,4.80777728678745,11.16584564860427,22.479338842975206
PB,2009,56575,2436,1210,O061,0,0.0,0.0,0.0
PB,2010,53128,2727,1523,O031,351,6.606685740099382,12.871287128712872,23.04661851608667
PB,2010,53128,2727,1523,O061,1,0.018822466496009636,0.03667033370003667,0.06565988181221274
PB,2011,50402,1275,278,O031,73,1.4483552239990476,5.7254901960784315,26.258992805755394
PB,2011,50402,1275,278,O061,0,0.0,0.0,0.0
PB,2012,47429,1186,189,O031,7,0.14758902780998967,0.5902192242833052,3.7037037037037037
PB,2012,47429,1186,189,O061,0,0.0,0.0,0.0
PB,2013,46804,1347,172,O031,1,0.0213656952397231,0.07423904974016332,0.5813953488372093
PB,2013,46804,1347,172,O061,0,0.0,0.0,0.0
PB,2014,48113,1327,174,O031,2,0.04156880676740174,0.15071590052750566,1.1494252873563218
PB,2014,48113,1327,174,O061,0,0.0,0.0,0.0
PB,2015,46754,1319,226,O031,1,0.021388544295675237,0.0758150113722517,0.4424778761061947
PB,2015,46754,1319,226,O061,0,0.0,0.0,0.0
PB,2016,45563,1359,201,O031,0,0.0,0.0,0.0
PB,2016,45563,1359,201,O061,2,0.04389526589557316,0.14716703458425312,0.9950248756218906
PB,2017,49889,1590,193,O031,4,0.0801779951492313,0.25157232704402516,2.0725388601036268
PB,2017,49889,1590,193,O061,2,0.04008899757461565,0.12578616352201258,1.0362694300518134
PB,2018,51450,1822,159,O031,3,0.05830903790087463,0.16465422612513722,1.8867924528301887
PB,2018,51450,1822,159,O061,7,0.1360544217687075,0.38419319429198684,4.40251572327044
PB,2019,51972,1988,176,O031,5,0.09620564919572078,0.2515090543259557,2.840909090909091
PB,2019,51972,1988,176,O061,0,0.0,0.0,0.0
PB,2020,49163,2054,254,O031,8,0.162723999755914,0.3894839337877313,3.1496062992125986
PB,2020,49163,2054,254,O061,9,0.18306449972540326,0.43816942551119764,3.543307086614173
PB,2021,48863,2235,220,O031,11,0.22511921085483905,0.49217002237136465,5.0
PB,2021,48863,2235,220,O061,5,0.10232691402492683,0.22371364653243847,2.272727272727273
PB,2022,47232,2821,258,O031,34,0.7198509485094851,1.205246366536689,13.178294573643411
PB,2022,47232,2821,258,O061,5,0.10586043360433604,0.1772421127259837,1.937984496124031
PB,2023,47945,3435,222,O031,26,0.5422880383773073,0.7569141193595342,11.711711711711711
PB,2023,47945,3435,222,O061,4,0.08342892898112421,0.11644832605531295,1.8018018018018018
PB,2024,49012,3417,251,O031,16,0.32645066514323023,0.46824700029265437,6.374501992031872
PB,2024,49012,3417,251,O061,1,0.02040316657145189,0.029265437518290898,0.398406374501992
PB,2025,48947,3556,211,O031,21,0.42903548736388336,0.5905511811023622,9.95260663507109
PB,2025,48947,3556,211,O061,2,0.04086052260608413,0.0562429696287964,0.9478672985781991
PE,2008,129115,2605,334,O031,77,0.5963675792897805,2.9558541266794625,23.05389221556886
PE,2008,129115,2605,334,O061,67,0.5189172443170816,2.5719769673704413,20.059880239520957
PE,2009,131212,2568,269,O031,60,0.45727524921501084,2.336448598130841,22.304832713754646
PE,2009,131212,2568,269,O061,78,0.5944578239795141,3.0373831775700935,28.99628252788104
PE,2010,128766,3350,353,O031,61,0.4737275367721293,1.8208955223880596,17.28045325779037
PE,2010,128766,3350,353,O061,128,0.9940512247021729,3.8208955223880596,36.26062322946176
PE,2011,125140,3619,405,O031,67,0.535400351606201,1.8513401492124897,16.54320987654321
PE,2011,125140,3619,405,O061,122,0.9749081029247243,3.3710969881182646,30.123456790123456
PE,2012,123231,3866,342,O031,100,0.8114841233131274,2.586652871184687,29.239766081871345
PE,2012,123231,3866,342,O061,13,0.10549293603070656,0.33626487325400933,3.801169590643275
PE,2013,122394,3764,482,O031,269,2.197820154582741,7.1466524973432515,55.809128630705395
PE,2013,122394,3764,482,O061,5,0.04085167573573868,0.13283740701381508,1.037344398340249
PE,2014,122750,4658,418,O031,136,1.1079429735234216,2.9197080291970803,32.535885167464116
PE,2014,122750,4658,418,O061,8,0.06517311608961303,0.17174753112924002,1.9138755980861244
PE,2015,124939,4867,313,O031,36,0.28814061261895807,0.7396753647010479,11.501597444089457
PE,2015,124939,4867,313,O061,3,0.024011717718246506,0.06163961372508732,0.9584664536741214
PE,2016,117555,5402,325,O031,39,0.33175960188847775,0.7219548315438726,12.0
PE,2016,117555,5402,325,O061,11,0.09357322104546807,0.20362828582006665,3.3846153846153846
PE,2017,122494,6398,409,O031,34,0.27756461540973437,0.5314160675211004,8.312958435207824
PE,2017,122494,6398,409,O061,7,0.05714565611376884,0.10940919037199125,1.7114914425427872
PE,2018,124776,6698,360,O031,38,0.3045457459767904,0.5673335323977307,10.555555555555555
PE,2018,124776,6698,360,O061,5,0.04007180868115663,0.0746491489997014,1.3888888888888888
PE,2019,123808,7123,443,O031,59,0.47654432669940555,0.8283026814544433,13.318284424379232
PE,2019,123808,7123,443,O061,7,0.056539157405014216,0.09827319949459497,1.580135440180587
PE,2020,109330,6435,417,O031,50,0.457331016189518,0.777000777000777,11.990407673860911
PE,2020,109330,6435,417,O061,18,0.16463916582822646,0.27972027972027974,4.316546762589928
PE,2021,109830,6903,432,O031,28,0.25493945188017847,0.40562074460379544,6.481481481481482
PE,2021,109830,6903,432,O061,7,0.06373486297004462,0.10140518615094886,1.6203703703703705
PE,2022,106114,8063,466,O031,37,0.34868160657406183,0.4588862706188763,7.939914163090129
PE,2022,106114,8063,466,O061,9,0.08481444484233937,0.11162098474513209,1.9313304721030042
PE,2023,105468,6808,440,O031,53,0.5025220920089506,0.7784958871915394,12.045454545454545
PE,2023,105468,6808,440,O061,6,0.056889293434975535,0.0881316098707403,1.3636363636363635
PE,2024,110007,6716,586,O031,92,0.8363104166098521,1.36986301369863,15.699658703071673
PE,2024,110007,6716,586,O061,14,0.1272646286145427,0.2084574151280524,2.3890784982935154
PE,2025,101795,7081,530,O031,93,0.9136008644825384,1.3133738172574496,17.547169811320753
PE,2025,101795,7081,530,O061,10,0.09823665209489661,0.14122299110295156,1.8867924528301887
PI,2008,50634,3214,1833,O031,68,1.3429711261207884,2.115743621655258,3.7097654118930716
PI,2008,50634,3214,1833,O061,1438,28.39988940237785,44.741754822650904,78.4506273867976
PI,2009,47935,3063,1557,O031,127,2.6494210910608116,4.146261834802481,8.156711624919717
PI,2009,47935,3063,1557,O061,1205,25.13820798998644,39.34051583414953,77.39242132305716
PI,2010,49985,3533,1689,O031,62,1.24037211163349,1.7548825360883102,3.670811130846655
PI,2010,49985,3533,1689,O061,1383,27.668300490147043,39.14520237758279,81.88277087033748
PI,2011,50934,3792,1775,O031,48,0.9423960419366239,1.2658227848101267,2.704225352112676
PI,2011,50934,3792,1775,O061,1424,27.957749244119842,37.552742616033754,80.22535211267606
PI,2012,45150,3220,1037,O031,42,0.9302325581395349,1.3043478260869565,4.050144648023144
PI,2012,45150,3220,1037,O061,692,15.326688815060908,21.490683229813666,66.73095467695275
PI,2013,46242,3321,1124,O031,52,1.1245188356904978,1.5657934357121348,4.6263345195729535
PI,2013,46242,3321,1124,O061,710,15.35400717962026,21.37910267991569,63.16725978647687
PI,2014,45045,3207,1046,O031,84,1.8648018648018647,2.619270346117867,8.030592734225621
PI,2014,45045,3207,1046,O061,517,11.477411477411477,16.12098534455878,49.4263862332696
PI,2015,47752,3274,1023,O031,60,1.256491874685877,1.832620647525962,5.865102639296188
PI,2015,47752,3274,1023,O061,510,10.680180934829954,15.577275503970679,49.853372434017594
PI,2016,46439,3377,1209,O031,318,6.847692672107496,9.416641989931891,26.30272952853598
PI,2016,46439,3377,1209,O061,449,9.668597515019703,13.295824696476162,37.13813068651778
PI,2017,45326,3322,1053,O031,347,7.655650178705379,10.445514750150512,32.95346628679962
PI,2017,45326,3322,1053,O061,294,6.486343379076027,8.85009030704395,27.92022792022792
PI,2018,48937,4068,1292,O031,327,6.682060608537507,8.03834808259587,25.309597523219814
PI,2018,48937,4068,1292,O061,416,8.500725422481967,10.22615535889872,32.19814241486068
PI,2019,48602,4276,1279,O031,348,7.160199168758488,8.13844714686623,27.208756841282252
PI,2019,48602,4276,1279,O061,443,9.114851240689683,10.360149672591207,34.6364347146208
PI,2020,44334,3222,951,O031,254,5.729237154328507,7.883302296710118,26.708727655099896
PI,2020,44334,3222,951,O061,280,6.3156945008345735,8.690254500310367,29.44269190325973
PI,2021,45446,3356,962,O031,351,7.723452008977688,10.458879618593564,36.486486486486484
PI,2021,45446,3356,962,O061,340,7.481406504422831,10.131108462455304,35.343035343035346
PI,2022,43500,3579,916,O031,292,6.712643678160919,8.158703548477229,31.87772925764192
PI,2022,43500,3579,916,O061,289,6.64367816091954,8.074881251746298,31.550218340611355
PI,2023,43987,3633,737,O031,161,3.660172323641076,4.431599229287091,21.845318860244234
PI,2023,43987,3633,737,O061,286,6.501921022120172,7.872281860721167,38.80597014925373
PI,2024,40267,3462,711,O031,237,5.885712866615343,6.845753899480069,33.333333333333336
PI,2024,40267,3462,711,O061,216,5.364194005016515,6.239168110918544,30.379746835443036
PI,2025,42723,3551,432,O031,138,3.23011024506706,3.886229231202478,31.944444444444443
PI,2025,42723,3551,432,O061,57,1.3341759707885683,1.6051816389749367,13.194444444444445
RN,2008,45027,1417,430,O031,32,0.7106847002909366,2.2582921665490474,7.441860465116279
RN,2008,45027,1417,430,O061,0,0.0,0.0,0.0
RN,2009,45335,1603,299,O031,8,0.17646410058453732,0.4990642545227698,2.6755852842809364
RN,2009,45335,1603,299,O061,8,0.17646410058453732,0.4990642545227698,2.6755852842809364
RN,2010,44328,2148,331,O031,8,0.18047283883775492,0.37243947858473,2.416918429003021
RN,2010,44328,2148,331,O061,0,0.0,0.0,0.0
RN,2011,44218,2423,279,O031,1,0.02261522456917997,0.041271151465125874,0.35842293906810035
RN,2011,44218,2423,279,O061,1,0.02261522456917997,0.041271151465125874,0.35842293906810035
RN,2012,42761,2738,197,O031,2,0.04677159093566568,0.07304601899196493,1.015228426395939
RN,2012,42761,2738,197,O061,1,0.02338579546783284,0.036523009495982466,0.5076142131979695
RN,2013,38146,2419,139,O031,0,0.0,0.0,0.0
RN,2013,38146,2419,139,O061,1,0.02621506842132858,0.0413393964448119,0.7194244604316546
RN,2014,41622,2226,152,O031,6,0.1441545336600836,0.2695417789757412,3.9473684210526314
RN,2014,41622,2226,152,O061,3,0.0720772668300418,0.1347708894878706,1.9736842105263157
RN,2015,42876,2241,129,O031,10,0.23323071182013247,0.4462293618920125,7.751937984496124
RN,2015,42876,2241,129,O061,1,0.02332307118201325,0.04462293618920125,0.7751937984496124
RN,2016,41118,2385,141,O031,8,0.1945619923148013,0.33542976939203356,5.673758865248227
RN,2016,41118,2385,141,O061,5,0.12160124519675082,0.20964360587002095,3.5460992907801416
RN,2017,42999,2225,184,O031,8,0.1860508383915905,0.3595505617977528,4.3478260869565215
RN,2017,42999,2225,184,O061,24,0.5581525151747715,1.0786516853932584,13.043478260869565
RN,2018,46622,2504,232,O031,21,0.4504311269357814,0.8386581469648562,9.051724137931034
RN,2018,46622,2504,232,O061,5,0.10724550641328129,0.19968051118210864,2.1551724137931036
RN,2019,45845,2749,264,O031,20,0.4362525902497546,0.7275372862859222,7.575757575757576
RN,2019,45845,2749,264,O061,2,0.04362525902497546,0.07275372862859221,0.7575757575757576
RN,2020,44108,2556,400,O031,15,0.3400743629273601,0.5868544600938967,3.75
RN,2020,44108,2556,400,O061,8,0.18137299356125872,0.3129890453834116,2.0
RN,2021,44196,2586,325,O031,12,0.27151778441487917,0.46403712296983757,3.6923076923076925
RN,2021,44196,2586,325,O061,6,0.13575889220743959,0.23201856148491878,1.8461538461538463
RN,2022,39431,2650,244,O031,18,0.4564936217696736,0.6792452830188679,7.377049180327869
RN,2022,39431,2650,244,O061,4,0.10144302705992747,0.1509433962264151,1.639344262295082
RN,2023,41328,3195,230,O031,14,0.33875338753387535,0.4381846635367762,6.086956521739131
RN,2023,41328,3195,230,O061,7,0.16937669376693767,0.2190923317683881,3.0434782608695654
RN,2024,39388,3272,255,O031,19,0.4823804204326191,0.5806845965770171,7.450980392156863
RN,2024,39388,3272,255,O061,5,0.1269422159033208,0.1528117359413203,1.9607843137254901
RN,2025,41257,3572,274,O031,32,0.7756259543834986,0.8958566629339306,11.678832116788321
RN,2025,41257,3572,274,O061,1,0.02423831107448433,0.027995520716685332,0.36496350364963503
SE,2008,33302,2070,1785,O031,1697,50.95790042640082,81.98067632850241,95.07002801120449
SE,2008,33302,2070,1785,O061,0,0.0,0.0,0.0
SE,2009,32019,2192,1808,O031,1731,54.06165089478122,78.96897810218978,95.74115044247787
SE,2009,32019,2192,1808,O061,0,0.0,0.0,0.0
SE,2010,30037,2319,1936,O031,1869,62.22325798182242,80.59508408796896,96.5392561983471
SE,2010,30037,2319,1936,O061,0,0.0,0.0,0.0
SE,2011,30324,2452,1823,O031,1736,57.24838411819021,70.79934747145188,95.22764673614921
SE,2011,30324,2452,1823,O061,0,0.0,0.0,0.0
SE,2012,29212,2241,1731,O031,1635,55.97014925373134,72.95850066934405,94.45407279029463
SE,2012,29212,2241,1731,O061,1,0.03423250718882651,0.04462293618920125,0.057770075101097634
SE,2013,28521,1966,1425,O031,1336,46.84267732547947,67.95523906408953,93.75438596491227
SE,2013,28521,1966,1425,O061,0,0.0,0.0,0.0
SE,2014,27845,1801,1280,O031,1196,42.9520560244209,66.40755136035536,93.4375
SE,2014,27845,1801,1280,O061,2,0.07182618064284432,0.1110494169905608,0.15625
SE,2015,30492,1877,1005,O031,892,29.253574708120162,47.52264251465104,88.75621890547264
SE,2015,30492,1877,1005,O061,3,0.09838646202282567,0.15982951518380395,0.29850746268656714
SE,2016,27685,1684,714,O031,617,22.286436698573233,36.63895486935867,86.41456582633053
SE,2016,27685,1684,714,O061,2,0.07224128589488893,0.1187648456057007,0.2801120448179272
SE,2017,29490,1781,713,O031,555,18.819938962360123,31.162268388545762,77.84011220196354
SE,2017,29490,1781,713,O061,13,0.4408273991183452,0.7299270072992701,1.8232819074333801
SE,2018,31193,1946,708,O031,543,17.40775173917225,27.90339157245632,76.69491525423729
SE,2018,31193,1946,708,O061,12,0.3847016958933094,0.6166495375128469,1.694915254237288
SE,2019,28532,1851,807,O031,633,22.185616150287398,34.19773095623987,78.43866171003718
SE,2019,28532,1851,807,O061,12,0.42058040095331556,0.6482982171799028,1.486988847583643
SE,2020,30728,1891,792,O031,597,19.428534235876075,31.57059756742464,75.37878787878788
SE,2020,30728,1891,792,O061,12,0.39052330122363965,0.6345848757271285,1.5151515151515151
SE,2021,28064,1580,714,O031,525,18.707240592930443,33.22784810126582,73.52941176470588
SE,2021,28064,1580,714,O061,15,0.5344925883694412,0.9493670886075949,2.100840336134454
SE,2022,29405,1620,531,O031,254,8.637986736949498,15.679012345679013,47.83427495291902
SE,2022,29405,1620,531,O061,46,1.5643598027546335,2.8395061728395063,8.662900188323917
SE,2023,26521,1361,300,O031,93,3.5066551035028843,6.83321087435709,31.0
SE,2023,26521,1361,300,O061,15,0.5655895328230459,1.1021307861866274,5.0
SE,2024,24411,1193,338,O031,75,3.072385400024579,6.286672254819782,22.189349112426036
SE,2024,24411,1193,338,O061,76,3.1133505386915736,6.3704945515507125,22.485207100591715
SE,2025,26344,1178,300,O031,59,2.239599149711509,5.00848896434635,19.666666666666668
SE,2025,26344,1178,300,O061,62,2.353477072578196,5.2631578947368425,20.666666666666668
NE,2008,791453,27143,8842,O031,2725,3.4430345200536228,10.039420845153446,30.818819271657997
NE,2008,791453,27143,8842,O061,1920,2.425917900368057,7.073646980805364,21.714544220764534
NE,2009,804462,27462,8760,O031,2846,3.537768098431001,10.363411259194523,32.48858447488585
NE,2009,804462,27462,8760,O061,1597,1.9851776715370024,5.815308426188915,18.230593607305938
NE,2010,796340,29578,9252,O031,3232,4.058567948363764,10.927040367840963,34.93298746217034
NE,2010,796340,29578,9252,O061,1797,2.256573825250521,6.0754614916491985,19.422827496757456
NE,2011,776057,28333,7886,O031,2785,3.5886539261935657,9.829527406204779,35.3157494293685
NE,2011,776057,28333,7886,O061,1785,2.3000887821384253,6.300074118519041,22.635049454729902
NE,2012,745188,28003,6716,O031,2754,3.6957116861785213,9.834660572081562,41.00655151876117
NE,2012,745188,28003,6716,O061,874,1.172858392781419,3.121094168481948,13.013698630136986
NE,2013,730375,28329,6023,O031,2542,3.480403902105083,8.973137068022169,42.20488128839449
NE,2013,730375,28329,6023,O061,850,1.1637857265103542,3.000458893713156,14.112568487464719
NE,2014,736862,28948,5766,O031,2296,3.1159158702715026,7.931463313527705,39.8196323274367
NE,2014,736862,28948,5766,O061,655,0.8889045710051543,2.262677905209341,11.359694762400277
NE,2015,758981,29850,5425,O031,1911,2.5178495904377054,6.402010050251256,35.225806451612904
NE,2015,758981,29850,5425,O061,584,0.7694527267481004,1.9564489112227805,10.764976958525345
NE,2016,721398,31044,5420,O031,2077,2.879131907767973,6.690503801056565,38.321033210332104
NE,2016,721398,31044,5420,O061,536,0.7430017826497994,1.7265816260791136,9.88929889298893
NE,2017,747142,33761,5763,O031,2088,2.7946494776093433,6.1846509285862385,36.23112961998959
NE,2017,747142,33761,5763,O061,398,0.5326965958278346,1.1788750333224727,6.906125281971195
NE,2018,777559,35884,5588,O031,1669,2.146460911647862,4.651097982387694,29.867573371510378
NE,2018,777559,35884,5588,O061,509,0.654612704630774,1.4184594805484338,9.108804581245526
NE,2019,768807,37932,5731,O031,1763,2.2931633036639885,4.647790783507329,30.76251963008201
NE,2019,768807,37932,5731,O061,590,0.767422773205759,1.5554149530739219,10.294887454196475
NE,2020,716308,34950,5479,O031,1652,2.3062704869972137,4.726752503576538,30.151487497718563
NE,2020,716308,34950,5479,O061,422,0.5891320493419032,1.2074391988555078,7.702135426172659
NE,2021,728372,37050,5372,O031,1658,2.276309358404771,4.475033738191633,30.86373790022338
NE,2021,728372,37050,5372,O061,454,0.6233078701542618,1.2253711201079622,8.451228592702904
NE,2022,694210,38822,5086,O031,1312,1.8899180363290646,3.379527072278605,25.796303578450647
NE,2022,694210,38822,5086,O061,476,0.685671482692557,1.2261089073205915,9.359024773889107
NE,2023,693503,38578,4348,O031,939,1.3539955847343126,2.4340297578930996,21.596136154553818
NE,2023,693503,38578,4348,O061,427,0.6157147121209281,1.1068484628544766,9.820607175712972
NE,2024,675500,37335,4436,O031,992,1.468541820873427,2.657024239989286,22.36248872858431
NE,2024,675500,37335,4436,O061,380,0.5625462620281273,1.0178117048346056,8.566275924256086
NE,2025,682863,40034,3848,O031,819,1.1993620975217576,2.045761103062397,21.283783783783782
NE,2025,682863,40034,3848,O061,189,0.27677586865886716,0.47209871609132237,4.911642411642411
