territory,year,admissions,deaths,outside_admissions,hypertension,hemorrhage,W,hypertension_per_1000,hemorrhage_per_1000,W_per_1000,outside_percent
AL,2008,55616,20,1546,1282,476,1989,23.050920598388952,8.558688147295742,35.76308975834292,2.7797756041426926
AL,2009,53988,27,1490,1095,482,1830,20.2822849522116,8.927909905905016,33.89642142698377,2.759872564273542
AL,2010,52891,31,1447,1023,433,1738,19.341664933542567,8.186648011949103,32.860032897846516,2.7358151670416517
AL,2011,53542,17,1273,1066,358,1689,19.90960367561914,6.686339695939636,31.545328900676104,2.3775727466288146
AL,2012,49768,9,836,1108,261,1640,22.26330171998071,5.244333708407009,32.95290146278733,1.6797942452981836
AL,2013,48748,18,609,1277,212,1879,26.195946500369246,4.348896364979076,38.5451710839419,1.2492820218265366
AL,2014,45663,13,588,873,204,1382,19.11832336902963,4.467511990013796,30.265203775485624,1.2876946324157414
AL,2015,48366,19,477,1161,364,1931,24.00446594715296,7.525947979985941,39.92474052020014,0.9862299962783774
AL,2016,47508,20,612,1283,513,2149,27.00597794055738,10.798181358929023,45.23448682327187,1.2882040919424096
AL,2017,47816,18,829,1340,440,2106,28.024092354023757,9.201940772963026,44.043834699682115,1.7337292956332608
AL,2018,49340,16,648,1331,392,1971,26.976084312930684,7.944872314552088,39.94730441832185,1.3133360356708552
AL,2019,47619,15,350,1271,382,1971,26.691026691026693,8.022008022008022,41.39104139104139,0.735000735000735
AL,2020,46638,14,580,968,263,1477,20.75560701573824,5.639178352416485,31.669454093228698,1.243621081521506
AL,2021,46462,27,507,1486,294,2077,31.98312599543713,6.3277517110757175,44.70319831259955,1.0912143256855065
AL,2022,42546,25,337,1425,324,2051,33.49316034409815,7.615286983500211,48.20664692333004,0.7920838621727072
AL,2023,45533,25,356,1772,268,2454,38.916829552192915,5.8858410383677775,53.8949772692333,0.7818505259921376
AL,2024,43442,14,299,1455,275,2159,33.49293310621058,6.330279453063855,49.69844850605405,0.6882740205331246
AL,2025,44947,21,303,1303,213,1909,28.98969897879725,4.738914721783434,42.472245088659974,0.6741273054931364
BA,2008,199817,78,2065,2617,1763,6424,13.096983740122212,8.823073111897386,32.14941671629541,1.0334456027264947
BA,2009,211554,82,2342,3239,1645,6869,15.310511736956048,7.775792469062273,32.46925134953723,1.1070459551698384
BA,2010,210140,62,2835,3091,1568,6628,14.709241458075569,7.4616922051965355,31.540877510231276,1.3491005996002665
BA,2011,206021,82,3640,3063,1474,6335,14.867416428422345,7.15461045233253,30.749292547847062,1.7668101795448037
BA,2012,196423,93,4093,2999,1416,5992,15.268069421605412,7.208931744245837,30.50559252226063,2.083768194152416
BA,2013,189337,112,4199,3170,1454,6077,16.742633505337043,7.679428743457433,32.09620940439534,2.217738740975087
BA,2014,191116,68,4196,3069,1537,6129,16.058310136252327,8.042236128843216,32.06952845392327,2.195525230749911
BA,2015,196441,77,4148,3014,1383,6044,15.343029204697594,7.040281814896075,30.76750780132457,2.111575485769264
BA,2016,189168,84,4215,2910,1401,6294,15.383151484394824,7.406115199188023,33.272012179649835,2.228178127378838
BA,2017,196293,94,4455,3007,1621,6351,15.318936487801398,8.258063201438665,32.35469425807339,2.269566413473736
BA,2018,193192,119,4916,3056,1349,5975,15.818460391734648,6.982690794649882,30.92778168868276,2.544618824796058
BA,2019,188985,100,5047,3046,1275,5920,16.11768129745747,6.746567187872054,31.32523745270789,2.670582321348255
BA,2020,176673,79,4876,3093,1259,5735,17.50691956326094,7.126159628239742,32.461100451115904,2.759901060150674
BA,2021,180201,92,4646,3077,1221,5544,17.07537694019456,6.775767060116204,30.765645029716815,2.5782320852825458
BA,2022,174011,77,4296,3316,1224,5849,19.056266557861285,7.034038078052537,33.61281758049778,2.4688094430811844
BA,2023,171566,75,4184,3209,1130,5616,18.70417215532215,6.586386580091626,32.73375843698635,2.438711632841006
BA,2024,164078,84,4601,3052,1037,5435,18.600909323614378,6.320164799668451,33.124489572032815,2.80415412182011
BA,2025,166477,89,4015,3639,971,6021,21.858875400205434,5.832637541522252,36.16715822606126,2.411744565315329
CE,2008,120964,25,273,3653,574,4774,30.199067491154395,4.745213451936113,39.46628749049304,0.22568698125062
CE,2009,123488,33,300,3530,488,4592,28.58577351645504,3.951800984711065,37.18579942990412,0.24293858512568023
CE,2010,123740,31,294,4032,495,5123,32.584451268789394,4.0003232584451265,41.40132535962502,0.23759495716825602
CE,2011,117187,34,231,3504,475,4530,29.900927577290997,4.053350627629345,38.656164932970384,0.1971208410489218
CE,2012,112696,39,297,3674,451,4650,32.60097962660609,4.001916660751047,41.261446723929865,0.26354085326897136
CE,2013,113629,28,303,4299,599,5456,37.83365162062502,5.271541595895414,48.01591143106073,0.2666572793917046
CE,2014,118002,29,337,4591,582,5760,38.90612023525025,4.932119794579753,48.81273198759343,0.28558837985796853
CE,2015,123229,41,375,4704,624,5931,38.17283269360297,5.06374311241672,48.12990448676854,0.3043114851211971
CE,2016,118120,40,495,4685,593,5859,39.66305452082628,5.020318320352184,49.60209955976973,0.4190653572637995
CE,2017,117541,50,582,5689,761,7066,48.40013271964676,6.4743366144579335,60.1151938472533,0.4951463744565726
CE,2018,123311,32,722,6464,724,7824,52.42030313597327,5.871333457680175,63.449327310621115,0.5855114304482163
CE,2019,125673,33,688,7013,826,8561,55.80355366705657,6.57261305133163,68.12123526931003,0.5474525156557096
CE,2020,117148,48,599,7217,806,8728,61.605831939085604,6.8801857479427735,74.50404616382696,0.5113190152627446
CE,2021,118994,68,440,7903,820,9417,66.41511336706053,6.89110375313041,79.1384439551574,0.36976654285090005
CE,2022,113485,33,270,7623,663,8917,67.17187293474909,5.842181786139137,78.5742609155395,0.23791690531788343
CE,2023,113897,32,289,7590,605,8916,66.63915643081029,5.311816816948647,78.28125411556056,0.2537380264625056
CE,2024,110817,32,271,7046,554,8355,63.582302354331915,4.999232969670718,75.39456942526868,0.24454731674743044
CE,2025,113428,39,296,7493,497,8932,66.05952674824559,4.381634164403851,78.74598864477906,0.26095849349367
MA,2008,101997,19,2925,1274,1003,2731,12.490563447944547,9.833622557526201,26.77529731266606,2.8677314038648194
MA,2009,102356,13,2694,892,1002,2309,8.71468208996053,9.789362616749385,22.558521239595137,2.631990308335613
MA,2010,103325,27,2921,749,924,2012,7.2489716912654245,8.94265666586015,19.472538107911927,2.8270021775949674
MA,2011,98289,19,2912,716,1019,2218,7.284640193714455,10.367385974015404,22.56610607494226,2.9626916542034207
MA,2012,98518,27,2252,840,1092,2470,8.526360665056131,11.084268864572971,25.07156052701029,2.2858766925840963
MA,2013,96554,25,2345,1152,416,2100,11.931147337241336,4.308469871781594,21.749487333512853,2.4286927522422688
MA,2014,96706,26,2020,1236,373,2458,12.781006349140695,3.857051268794077,25.417244017951315,2.088805244762476
MA,2015,98132,36,1868,1212,358,2366,12.350711286838136,3.6481473933069744,24.110381934537156,1.9035584722618515
MA,2016,88242,31,2177,1347,323,2535,15.264839872169714,3.660388477142404,28.72781668593187,2.467079168649849
MA,2017,95294,29,2134,1546,389,2922,16.223476819107184,4.082103805066426,30.663000818519528,2.2393854807228157
MA,2018,108738,51,2340,1565,372,3076,14.39239272379481,3.4210671522374883,28.28817892549063,2.151961595762291
MA,2019,107771,59,2205,1910,279,3493,17.722764008870662,2.5888225960601647,32.411316587950374,2.0460049549507753
MA,2020,98186,71,2236,1557,337,2852,15.857657914570305,3.4322612185036565,29.046910964903347,2.2773104108528712
MA,2021,106316,65,2028,1746,384,3352,16.422739756950975,3.611874035892998,31.528650438315964,1.9075209752059896
MA,2022,98486,51,1712,1677,460,3272,17.027800905712486,4.670714619336758,33.22299616189103,1.7383181365879414
MA,2023,97258,59,1782,1666,416,3160,17.129696271771987,4.277283102675359,32.49090049147628,1.8322400213864156
MA,2024,94078,35,1779,1941,429,3326,20.631816152554265,4.560045919343524,35.35364272199664,1.8909840770424542
MA,2025,96945,51,1938,2749,420,4234,28.356284491206353,4.332353396255609,43.67424828511012,1.9990716385579452
NE,2008,791453,970,12041,13221,8842,27143,16.70471904206567,11.171857330757481,34.29515081754697,1.5213790332464467
NE,2009,804462,948,10598,13675,8760,27462,16.99893842095711,10.88926512377216,34.137100322948754,1.3174021892892394
NE,2010,796340,411,11135,15438,9252,29578,19.38619182761132,11.618153050204686,37.14242660170279,1.398272094833865
NE,2011,776057,224,10660,15441,7886,28333,19.89673438935542,10.161624726018836,36.50891622651429,1.3736104435627796
NE,2012,745188,242,9573,16239,6716,28003,21.79181629333806,9.012490807688797,37.57843658244631,1.2846422647707691
NE,2013,730375,256,9246,17647,6023,28329,24.161560842033204,8.246448742084546,38.786924525072735,1.265925038507616
NE,2014,736862,198,9433,18072,5766,28948,24.52562352245061,7.825074437275908,39.285510719781996,1.2801582928689497
NE,2015,758981,275,9691,19195,5425,29850,25.290488167687993,7.1477415113158305,39.32904776272397,1.276843557348603
NE,2016,721398,269,10655,19658,5420,31044,27.249867618152532,7.51318966783939,43.03311071003801,1.4769932824876144
NE,2017,747142,284,11488,22134,5763,33761,29.62489058304847,7.713393170240731,45.18685872297368,1.5375925861482824
NE,2018,777559,323,12651,24319,5588,35884,31.27608322969704,7.186592914492662,46.1495526384493,1.6270147988769983
NE,2019,768807,316,12468,25338,5731,37932,32.95755631777546,7.454406632613907,49.33878073430653,1.6217334129371872
NE,2020,716308,316,12155,23628,5479,34950,32.985810573105425,7.64894430887272,48.791860484596015,1.6968957487561216
NE,2021,728372,364,11357,25855,5372,37050,35.496971327837976,7.375352155217389,50.86686473395463,1.5592307227625444
NE,2022,694210,268,9878,28001,5086,38822,40.33505711528212,7.326313363391481,55.92255945607237,1.4229123752178736
NE,2023,693503,280,9889,28198,4348,38578,40.660242277250426,6.269619597896476,55.62773340562334,1.4259491307175312
NE,2024,675500,242,10145,26965,4436,37335,39.91857883049593,6.56698741672835,55.27017024426351,1.5018504811250926
NE,2025,682863,282,9524,29702,3848,40034,43.49627963442155,5.635098108991115,58.62669378777295,1.394716070427011
PB,2008,54981,15,1869,1037,644,1919,18.861061093832415,11.713137265600844,34.90296647932922,3.3993561412124187
PB,2009,56575,17,1677,947,1210,2436,16.738842244807778,21.38753866548829,43.057887759611134,2.964206805125939
PB,2010,53128,12,1631,1019,1523,2727,19.18009335943382,28.66661647342268,51.32886613461828,3.069944285499172
PB,2011,50402,14,1257,839,278,1275,16.64616483472878,5.515654140708702,25.296615213681996,2.4939486528312367
PB,2012,47429,11,798,839,189,1186,17.68959919036876,3.984903750869721,25.00579814037825,1.6825149170338822
PB,2013,46804,9,680,994,172,1347,21.23750106828476,3.6748995812323733,28.779591487907016,1.4528672763011707
PB,2014,48113,8,747,947,174,1327,19.682830004364725,3.6164861887639517,27.580903290171054,1.552594932762455
PB,2015,46754,20,671,887,226,1319,18.971638790263935,4.833811010822603,28.211489925995636,1.4351713222398084
PB,2016,45563,22,850,958,201,1359,21.025832363979546,4.4114742225051025,29.826833176041966,1.8655488005618595
PB,2017,49889,17,758,1188,193,1590,23.812864559321696,3.86858826595041,31.87075307181944,1.519373008077933
PB,2018,51450,20,839,1474,159,1822,28.649173955296405,3.0903790087463556,35.41302235179786,1.630709426627794
PB,2019,51972,20,971,1555,176,1988,29.91995689986916,3.386438851689371,38.25136612021858,1.8683137073808973
PB,2020,49163,20,857,1467,254,2054,29.83951345524073,5.166486992250269,41.77938693733092,1.7431808473852288
PB,2021,48863,27,874,1678,220,2235,34.34091234676545,4.502384217096781,45.740130569142295,1.7886744571557212
PB,2022,47232,11,615,2355,258,2821,49.860264227642276,5.462398373983739,59.72645663956639,1.3020833333333333
PB,2023,47945,10,574,2965,222,3435,61.841693607258314,4.6303055584523936,71.64459276254041,1.1972051308791323
PB,2024,49012,15,513,2943,251,3417,60.04651921978291,5.121194809434424,69.7176201746511,1.046682445115482
PB,2025,48947,29,517,2981,211,3556,60.902608944368396,4.3107851349418755,72.65000919361759,1.0562445093672748
PE,2008,129115,781,2869,1282,334,2605,9.929132943499981,2.5868411880881386,20.175812260388025,2.222050110366727
PE,2009,131212,756,1593,1350,269,2568,10.288693107337744,2.050117367313965,19.57138066640246,1.2140657866658537
PE,2010,128766,226,1538,2036,353,3350,15.811627292918939,2.7414068931239615,26.016184396502183,1.1944146746812048
PE,2011,125140,19,875,2116,405,3619,16.909061850727184,3.236375259709126,28.91961003675883,0.6992168770976507
PE,2012,123231,23,898,2237,342,3866,18.15289983851466,2.7752757017308958,31.371976207285506,0.7287127427351884
PE,2013,122394,33,790,2373,482,3764,19.38820530418158,3.9381015409252087,30.753141493864078,0.6454564766246711
PE,2014,122750,24,1157,3285,418,4658,26.761710794297354,3.405295315682281,37.94704684317719,0.9425661914460285
PE,2015,124939,45,1464,3685,313,4867,29.49439326391279,2.5052225486037187,38.95501004490191,1.1717718246504294
PE,2016,117555,35,1605,4000,325,5402,34.02662583471567,2.7646633490706476,45.95295818978351,1.365318361617966
PE,2017,122494,28,1955,4852,409,6398,39.61010335200091,3.338939050075922,52.23112968798472,1.5959965386059725
PE,2018,124776,55,2347,5180,360,6698,41.51439379367827,2.8851702250432774,53.680194909277425,1.8809706994934923
PE,2019,123808,48,2371,5318,443,7123,42.953605582837945,3.578120961488757,57.53263117084518,1.9150620315326958
PE,2020,109330,49,2260,4818,417,6435,44.06841672002195,3.81414067502058,58.85850178359096,2.0671361931766215
PE,2021,109830,18,2343,5356,432,6903,48.76627515250842,3.933351543294182,62.85167986888828,2.133296913411636
PE,2022,106114,32,2227,6365,466,8063,59.98266015794334,4.391503477392239,75.98431875153138,2.098686318487664
PE,2023,105468,46,2185,5029,440,6808,47.68270944741533,4.171881518564873,64.55038495088557,2.0717184359236924
PE,2024,110007,38,2170,4884,586,6716,44.39717472524476,5.326933740580145,61.0506604125192,1.972601743525412
PE,2025,101795,20,2007,5292,530,7081,51.98683628861929,5.20654256102952,69.56137334839629,1.9716096075445748
PI,2008,50634,10,318,1077,1833,3214,21.270292688707194,36.200971679108896,63.47513528459138,0.6280364972153099
PI,2009,47935,6,299,1247,1557,3063,26.014394492541985,32.48148534473766,63.89902993637217,0.6237613434859706
PI,2010,49985,6,304,1589,1689,3533,31.789536861058316,33.79013704111233,70.68120436130839,0.608182454736421
PI,2011,50934,18,335,1750,1775,3792,34.358189028939414,34.849020300781405,74.44928731299329,0.6577139042682687
PI,2012,45150,23,267,1946,1037,3220,43.10077519379845,22.967884828349945,71.31782945736434,0.5913621262458472
PI,2013,46242,19,198,1956,1124,3321,42.29920851174257,24.306907140694605,71.81782794861815,0.42818217205138187
PI,2014,45045,13,196,1889,1046,3207,41.935841935841935,23.22122322122322,71.1954711954712,0.43512043512043513
PI,2015,47752,19,262,1977,1023,3274,41.40140727089965,21.423186463394202,68.56257329535936,0.5486681186128329
PI,2016,46439,18,273,1879,1209,3377,40.46168091474838,26.034152328861516,72.7190507978208,0.587867955813002
PI,2017,45326,27,342,1976,1053,3322,43.59528747297357,23.231699245466178,73.29126770506994,0.7545338216476195
PI,2018,48937,17,462,2377,1292,4068,48.57265463759528,26.401291456362262,83.12728610254,0.94407094836218
PI,2019,48602,20,463,2570,1279,4276,52.87848236698078,26.31578947368421,87.97991852187153,0.952635694004362
PI,2020,44334,18,346,1984,951,3222,44.7512067487707,21.450805251048855,72.67559886317498,0.7804393918888438
PI,2021,45446,35,240,2119,962,3356,46.626765831976414,21.16797958016107,73.84588302600889,0.5280992826651411
PI,2022,43500,14,184,2394,916,3579,55.03448275862069,21.057471264367816,82.27586206896552,0.42298850574712643
PI,2023,43987,16,203,2575,737,3633,58.54002318866938,16.754950326232752,82.59258417259645,0.46149998863300523
PI,2024,40267,13,236,2450,711,3462,60.84386718652991,17.65713859984603,85.97610946929247,0.5860878635110637
PI,2025,42723,18,165,2734,432,3551,63.99363340589378,10.111649462818622,83.11682232052992,0.3862088336493224
RN,2008,45027,13,67,789,430,1417,17.522819641548406,9.54982566015946,31.470006884758035,0.14879960912341483
RN,2009,45335,9,88,1090,299,1603,24.04323370464321,6.595345759347083,35.35899415462667,0.19411051064299106
RN,2010,44328,8,84,1592,331,2148,35.914094928713226,7.46706370691211,48.456957227937195,0.18949648077964265
RN,2011,44218,16,67,1876,279,2423,42.426161291781625,6.309647654801212,54.796689131123074,0.15152200461350582
RN,2012,42761,9,66,2226,197,2738,52.056780711395895,4.607001707163069,64.03030799092632,0.15434625008769673
RN,2013,38146,8,75,1989,139,2419,52.141771090022544,3.6438945105646727,63.414250511193835,0.19661301315996435
RN,2014,41622,12,96,1785,152,2226,42.88597376387487,3.651914852722118,53.48133198789102,0.23064725385613377
RN,2015,42876,9,100,1812,129,2241,42.261404981808006,3.008676182479709,52.26700251889169,0.23323071182013247
RN,2016,41118,10,112,1908,141,2385,46.40303516708011,3.429155114548373,58.00379395885014,0.27238678924072185
RN,2017,42999,13,153,1681,184,2225,39.09393241703295,4.279169283006581,51.74538942766111,0.3558222284239168
RN,2018,46622,10,144,1879,232,2504,40.302861310111105,4.976191497576251,53.70854961177127,0.3088670584702501
RN,2019,45845,16,179,1947,264,2749,42.46918966081361,5.758534191296761,59.96291852982877,0.3904460682735304
RN,2020,44108,10,211,1777,400,2556,40.28747619479459,9.068649678062936,57.94867144282216,0.4783712705178199
RN,2021,44196,23,142,1904,325,2586,43.080821793827496,7.353606661236311,58.512082541406464,0.3212960448909404
RN,2022,39431,16,124,2050,244,2650,51.98955136821283,6.188024650655575,67.20600542720194,0.31447338388577517
RN,2023,41328,11,131,2652,230,3195,64.16957026713125,5.565234223770809,77.30836236933798,0.3169763840495548
RN,2024,39388,6,106,2660,255,3272,67.53325886056668,6.474053011069361,83.07098608713314,0.2691174977150401
RN,2025,41257,15,95,2891,274,3572,70.0729573163342,6.6412972344087065,86.57924715805802,0.23026395520760112
SE,2008,33302,9,109,210,1785,2070,6.305927571917603,53.600384361299625,62.1584289231878,0.3273076692090565
SE,2009,32019,5,115,285,1808,2192,8.900965052000375,56.46647303163746,68.45935225959586,0.3591617477122958
SE,2010,30037,8,81,307,1936,2319,10.220727769084796,64.4538402636748,77.2047807703832,0.26966741019409396
SE,2011,30324,5,70,511,1823,2452,16.85133887349954,60.11739876005804,80.86004484896452,0.23084025854108955
SE,2012,29212,8,66,370,1731,2241,12.666027659865808,59.25646994385869,76.71504861016021,0.22593454744625496
SE,2013,28521,4,47,437,1425,1966,15.322043406612671,49.963185021563056,68.93166438764419,0.16479085586059394
SE,2014,27845,5,96,397,1280,1801,14.257496857604597,45.96875561142036,64.67947566888131,0.3447656670856527
SE,2015,30492,9,326,743,1005,1877,24.367047094319823,32.959464777646595,61.55712973894792,1.0691328873147055
SE,2016,27685,9,316,688,714,1684,24.851002347841792,25.790139064475348,60.82716272349648,1.1414123171392452
SE,2017,29490,8,280,855,713,1781,28.992878942014244,24.177687351644625,60.39335367921329,0.9494743981010512
SE,2018,31193,3,233,993,708,1946,31.834065335171353,22.697400057705256,62.38579168403167,0.7469624595261758
SE,2019,28532,5,194,708,807,1851,24.81424365624562,28.284031964110472,64.87452684704893,0.6799383148745268
SE,2020,30728,7,190,747,792,1891,24.31007550117157,25.774537880760217,61.53996355115855,0.6183285602707628
SE,2021,28064,9,137,586,714,1580,20.880843785632837,25.441847206385404,56.29988597491448,0.48816989737742306
SE,2022,29405,9,113,796,531,1620,27.070226152014964,18.058153375276312,55.09267131440231,0.38428838632885565
SE,2023,26521,6,185,740,300,1361,27.9024169526036,11.311790656460918,51.3178236114777,0.69756042381509
SE,2024,24411,5,170,534,338,1193,21.875384048175004,13.846216869444103,48.87141042972431,0.6964073573389046
SE,2025,26344,0,188,620,300,1178,23.53477072578196,11.387792286668692,44.71606437898573,0.7136349832979046
