care,minimum_admissions,indicator,outcome,n,status,pearson_r,spearman_rho,period,census_year
any_uf,1,income_pc,hypertension,1794,ok,0.09777297643631835,0.0901636581445636,2008-2012,2010
any_uf,1,income_pc,hemorrhage,1794,ok,0.0799815001225937,0.06006367779134598,2008-2012,2010
any_uf,1,income_pc,W,1794,ok,0.11986668616430467,0.09183603546900039,2008-2012,2010
any_uf,1,illiteracy_15plus,hypertension,1794,ok,-0.04634041870095977,-0.0448479504988406,2008-2012,2010
any_uf,1,illiteracy_15plus,hemorrhage,1794,ok,-0.07775425368670034,-0.0682979015298087,2008-2012,2010
any_uf,1,illiteracy_15plus,W,1794,ok,-0.09998755676193108,-0.10205144735670704,2008-2012,2010
any_uf,1,sewer_septic,hypertension,1794,ok,0.10534170708223708,0.10554689082181347,2008-2012,2010
any_uf,1,sewer_septic,hemorrhage,1794,ok,0.05595408874181948,0.05618172550780591,2008-2012,2010
any_uf,1,sewer_septic,W,1794,ok,0.09791767594030831,0.10258152910575966,2008-2012,2010
any_uf,1000,income_pc,hypertension,842,ok,0.19343486497273624,0.13513294819585417,2008-2012,2010
any_uf,1000,income_pc,hemorrhage,842,ok,0.0861547210078719,0.07317868906070621,2008-2012,2010
any_uf,1000,income_pc,W,842,ok,0.17086769706812444,0.1357250906965183,2008-2012,2010
any_uf,1000,illiteracy_15plus,hypertension,842,ok,-0.1710813894966604,-0.14449876569663003,2008-2012,2010
any_uf,1000,illiteracy_15plus,hemorrhage,842,ok,-0.05866095641923107,-0.05771109838587969,2008-2012,2010
any_uf,1000,illiteracy_15plus,W,842,ok,-0.14234405677711928,-0.1615532683457716,2008-2012,2010
any_uf,1000,sewer_septic,hypertension,842,ok,0.15150176591433817,0.11618255597341354,2008-2012,2010
any_uf,1000,sewer_septic,hemorrhage,842,ok,0.06730824959842904,0.043563078462464926,2008-2012,2010
any_uf,1000,sewer_septic,W,842,ok,0.13618596569720193,0.12677835305959553,2008-2012,2010
same_uf,1,income_pc,hypertension,1794,ok,0.09450715025005811,0.08544582739485286,2008-2012,2010
same_uf,1,income_pc,hemorrhage,1794,ok,0.07882298268308473,0.06662582979761916,2008-2012,2010
same_uf,1,income_pc,W,1794,ok,0.11747742186483351,0.09400895476309414,2008-2012,2010
same_uf,1,illiteracy_15plus,hypertension,1794,ok,-0.05089551246678124,-0.05487932717215765,2008-2012,2010
same_uf,1,illiteracy_15plus,hemorrhage,1794,ok,-0.08001009842025522,-0.07795590154123845,2008-2012,2010
same_uf,1,illiteracy_15plus,W,1794,ok,-0.10390171035505771,-0.10826249202161975,2008-2012,2010
same_uf,1,sewer_septic,hypertension,1794,ok,0.10335828303870956,0.10372909738435311,2008-2012,2010
same_uf,1,sewer_septic,hemorrhage,1794,ok,0.054316813611373756,0.04747875952992449,2008-2012,2010
same_uf,1,sewer_septic,W,1794,ok,0.09555769622135951,0.09407674140971417,2008-2012,2010
same_uf,1000,income_pc,hypertension,828,ok,0.1954061370858803,0.1336485641863785,2008-2012,2010
same_uf,1000,income_pc,hemorrhage,828,ok,0.09434622422789515,0.0871387989250331,2008-2012,2010
same_uf,1000,income_pc,W,828,ok,0.17817644188207177,0.14140041239100934,2008-2012,2010
same_uf,1000,illiteracy_15plus,hypertension,828,ok,-0.17716933041967606,-0.14962850959834487,2008-2012,2010
same_uf,1000,illiteracy_15plus,hemorrhage,828,ok,-0.05927712190157454,-0.059905368724153904,2008-2012,2010
same_uf,1000,illiteracy_15plus,W,828,ok,-0.14474813888899174,-0.15615436194902077,2008-2012,2010
same_uf,1000,sewer_septic,hypertension,828,ok,0.15181982751592046,0.11539197532112005,2008-2012,2010
same_uf,1000,sewer_septic,hemorrhage,828,ok,0.06043930393932052,0.0304169230629412,2008-2012,2010
same_uf,1000,sewer_septic,W,828,ok,0.12964056366823257,0.11009466305961635,2008-2012,2010
any_uf,1,income_pc,hypertension,1794,ok,0.08357822364226343,0.06637954143608187,2020-2024,2022
any_uf,1,income_pc,hemorrhage,1794,ok,0.0498282174426747,0.02407216339124391,2020-2024,2022
any_uf,1,income_pc,W,1794,ok,0.12522663035858084,0.08299561751300547,2020-2024,2022
any_uf,1,illiteracy_15plus,hypertension,1794,ok,-0.12945776527992597,-0.11608531368178829,2020-2024,2022
any_uf,1,illiteracy_15plus,hemorrhage,1794,ok,-0.029329733156755324,-0.0036613676295485977,2020-2024,2022
any_uf,1,illiteracy_15plus,W,1794,ok,-0.1530693694132205,-0.1359210977544744,2020-2024,2022
any_uf,1,sewer_septic,hypertension,1794,ok,0.07793011086826528,0.06629781926209698,2020-2024,2022
any_uf,1,sewer_septic,hemorrhage,1794,ok,0.01808628603511225,0.008227735892663016,2020-2024,2022
any_uf,1,sewer_septic,W,1794,ok,0.08786198544385276,0.07462668111146843,2020-2024,2022
any_uf,1000,income_pc,hypertension,775,ok,0.07507925372164027,0.06268337783780195,2020-2024,2022
any_uf,1000,income_pc,hemorrhage,775,ok,0.0305035463557968,0.009274730508276992,2020-2024,2022
any_uf,1000,income_pc,W,775,ok,0.1224117431733087,0.09046908809294633,2020-2024,2022
any_uf,1000,illiteracy_15plus,hypertension,775,ok,-0.1675259825958609,-0.14536540741289525,2020-2024,2022
any_uf,1000,illiteracy_15plus,hemorrhage,775,ok,-0.04224245350614718,-0.045467329524188325,2020-2024,2022
any_uf,1000,illiteracy_15plus,W,775,ok,-0.21318889901281,-0.1999667661713693,2020-2024,2022
any_uf,1000,sewer_septic,hypertension,775,ok,0.07510216388153271,0.06688257158930565,2020-2024,2022
any_uf,1000,sewer_septic,hemorrhage,775,ok,0.04449609782286555,0.03600857165504643,2020-2024,2022
any_uf,1000,sewer_septic,W,775,ok,0.10809557365885032,0.09926252309549712,2020-2024,2022
same_uf,1,income_pc,hypertension,1794,ok,0.0897922519788919,0.07839966704101545,2020-2024,2022
same_uf,1,income_pc,hemorrhage,1794,ok,0.0478471485736625,0.03202869938686371,2020-2024,2022
same_uf,1,income_pc,W,1794,ok,0.1303696140401032,0.0961114583159977,2020-2024,2022
same_uf,1,illiteracy_15plus,hypertension,1794,ok,-0.13151332253784287,-0.12129001180955043,2020-2024,2022
same_uf,1,illiteracy_15plus,hemorrhage,1794,ok,-0.0325341970503968,-0.016586034985182133,2020-2024,2022
same_uf,1,illiteracy_15plus,W,1794,ok,-0.15649315285815585,-0.14390440145651595,2020-2024,2022
same_uf,1,sewer_septic,hypertension,1794,ok,0.06632786975764478,0.05447229822431795,2020-2024,2022
same_uf,1,sewer_septic,hemorrhage,1794,ok,0.014841609657261912,0.011620932855206458,2020-2024,2022
same_uf,1,sewer_septic,W,1794,ok,0.08002612934677651,0.06470986422446315,2020-2024,2022
same_uf,1000,income_pc,hypertension,759,ok,0.08698265985518007,0.08361869870426838,2020-2024,2022
same_uf,1000,income_pc,hemorrhage,759,ok,0.0226064290265674,0.013040822488824632,2020-2024,2022
same_uf,1000,income_pc,W,759,ok,0.12713224249261715,0.10488615306622094,2020-2024,2022
same_uf,1000,illiteracy_15plus,hypertension,759,ok,-0.1749758906648375,-0.16099362311251678,2020-2024,2022
same_uf,1000,illiteracy_15plus,hemorrhage,759,ok,-0.03866108320202035,-0.05661973029078431,2020-2024,2022
same_uf,1000,illiteracy_15plus,W,759,ok,-0.217933626950741,-0.21350063829253102,2020-2024,2022
same_uf,1000,sewer_septic,hypertension,759,ok,0.059902413621684567,0.04817776220267059,2020-2024,2022
same_uf,1000,sewer_septic,hemorrhage,759,ok,0.03635442371764935,0.03729913041104137,2020-2024,2022
same_uf,1000,sewer_septic,W,759,ok,0.09448349079042642,0.08369743664621566,2020-2024,2022
any_uf,1,income_pc,hypertension,1794,ok,0.0651144716390741,0.04945468408128613,2021-2025,2022
any_uf,1,income_pc,hemorrhage,1794,ok,0.04546206964491883,0.022606147269046556,2021-2025,2022
any_uf,1,income_pc,W,1794,ok,0.10524334299118142,0.07377497647297697,2021-2025,2022
any_uf,1,illiteracy_15plus,hypertension,1794,ok,-0.10401970200597618,-0.09549667510114555,2021-2025,2022
any_uf,1,illiteracy_15plus,hemorrhage,1794,ok,-0.017205321603862688,0.010847697503493165,2021-2025,2022
any_uf,1,illiteracy_15plus,W,1794,ok,-0.12701912659973874,-0.11497268260644343,2021-2025,2022
any_uf,1,sewer_septic,hypertension,1794,ok,0.07124946377949114,0.06160873524138422,2021-2025,2022
any_uf,1,sewer_septic,hemorrhage,1794,ok,0.006656519273986908,-0.004358701040089113,2021-2025,2022
any_uf,1,sewer_septic,W,1794,ok,0.08184673399649028,0.06918245859382066,2021-2025,2022
any_uf,1000,income_pc,hypertension,765,ok,0.049325188051209924,0.02269481977529006,2021-2025,2022
any_uf,1000,income_pc,hemorrhage,765,ok,0.03320729938012841,-0.00026791827786243924,2021-2025,2022
any_uf,1000,income_pc,W,765,ok,0.0999399136035278,0.05870466838780644,2021-2025,2022
any_uf,1000,illiteracy_15plus,hypertension,765,ok,-0.14452431127929785,-0.11635526214772408,2021-2025,2022
any_uf,1000,illiteracy_15plus,hemorrhage,765,ok,-0.04858630919814534,-0.04585756056230756,2021-2025,2022
any_uf,1000,illiteracy_15plus,W,765,ok,-0.19693449702940546,-0.17859743312598425,2021-2025,2022
any_uf,1000,sewer_septic,hypertension,765,ok,0.05408114487308929,0.045362339493164615,2021-2025,2022
any_uf,1000,sewer_septic,hemorrhage,765,ok,0.040666683321632355,0.014542262543373237,2021-2025,2022
any_uf,1000,sewer_septic,W,765,ok,0.08862975715222549,0.07857734701200618,2021-2025,2022
same_uf,1,income_pc,hypertension,1794,ok,0.06995409267322576,0.0610355477299324,2021-2025,2022
same_uf,1,income_pc,hemorrhage,1794,ok,0.04398024546930167,0.030207392921757722,2021-2025,2022
same_uf,1,income_pc,W,1794,ok,0.1108536120695712,0.08698487864870023,2021-2025,2022
same_uf,1,illiteracy_15plus,hypertension,1794,ok,-0.10633204009758702,-0.10108295322563822,2021-2025,2022
same_uf,1,illiteracy_15plus,hemorrhage,1794,ok,-0.02096042394402905,-0.004707724237644728,2021-2025,2022
same_uf,1,illiteracy_15plus,W,1794,ok,-0.1314892281844709,-0.12273844601731589,2021-2025,2022
same_uf,1,sewer_septic,hypertension,1794,ok,0.06266876748251944,0.05023556357300178,2021-2025,2022
same_uf,1,sewer_septic,hemorrhage,1794,ok,0.003701317095048447,-0.0004924228888869379,2021-2025,2022
same_uf,1,sewer_septic,W,1794,ok,0.07406649356898992,0.059143110656406234,2021-2025,2022
same_uf,1000,income_pc,hypertension,746,ok,0.061352191114317785,0.0431753249981073,2021-2025,2022
same_uf,1000,income_pc,hemorrhage,746,ok,0.028088529218884467,0.020358046218894196,2021-2025,2022
same_uf,1000,income_pc,W,746,ok,0.10796546768460402,0.07415854213996592,2021-2025,2022
same_uf,1000,illiteracy_15plus,hypertension,746,ok,-0.15736299670291276,-0.13425744228969147,2021-2025,2022
same_uf,1000,illiteracy_15plus,hemorrhage,746,ok,-0.04601019966421834,-0.06231374557091001,2021-2025,2022
same_uf,1000,illiteracy_15plus,W,746,ok,-0.20794777268076794,-0.19434001867419343,2021-2025,2022
same_uf,1000,sewer_septic,hypertension,746,ok,0.03871851064095924,0.02216792029120133,2021-2025,2022
same_uf,1000,sewer_septic,hemorrhage,746,ok,0.03431379194110813,0.020394220078729847,2021-2025,2022
same_uf,1000,sewer_septic,W,746,ok,0.07568363144282893,0.06271810933546959,2021-2025,2022
