care,minimum_admissions,territory,indicator,outcome,n,status,pearson_r,pearson_p,pearson_ci_low,pearson_ci_high,spearman_rho,spearman_p,blocks,bootstrap_repetitions,bootstrap_seed,bootstrap_valid,block_status,block_ci_low,block_ci_high,pearson_q_bh,spearman_q_bh
any_uf,1,NE,income_pc,hypertension,1794,ok,0.08166881838120925,0.0005351641087089521,0.035523445051414845,0.12746668274280423,0.10124248178974615,1.737165466474921e-05,188,2000,20260919,2000,ok,0.019652133455836406,0.14183941521357235,0.006557996238306773,0.0002716147845707994
any_uf,1,NE,income_pc,hemorrhage,1794,ok,0.06643459460665743,0.0048772899050485465,0.020217115662001857,0.11236874700414491,0.04923202157916493,0.03706343386904284,188,2000,20260919,2000,ok,0.007462565261800975,0.13656110866318372,0.031354006532454945,0.0926585846726071
any_uf,1,NE,income_pc,W,1794,ok,0.10954224945833313,3.3113343368782143e-06,0.06358496036283726,0.15503592099198524,0.10718423163422579,5.369580084882294e-06,188,2000,20260919,2000,ok,0.05636027003233892,0.1712153557432006,9.934003010634643e-05,0.0001610874025464688
any_uf,1,NE,illiteracy_10plus,hypertension,1794,ok,0.04095398144219658,0.08289138526382556,-0.0053357694921009925,0.08706859511036494,0.05202429992159184,0.02756102454255863,188,2000,20260919,2000,ok,-0.02376218436859209,0.1067435799357121,0.1865056168436075,0.07870120253092605
any_uf,1,NE,illiteracy_10plus,hemorrhage,1794,ok,-0.02946622043734452,0.2122283226094084,-0.07564270539949058,0.016836376955717835,-0.011346184027681488,0.6310458296676649,188,2000,20260919,2000,ok,-0.1127143835029366,0.030924504887528962,0.3350973514885396,0.7281298034626902
any_uf,1,NE,illiteracy_10plus,W,1794,ok,-0.02835035642985863,0.23006101629859915,-0.07453220474209822,0.017952836346793226,-0.0146528119265566,0.5351064336187986,188,2000,20260919,2000,ok,-0.09479255173389718,0.03333306025426473,0.35094053333684616,0.6597202606259162
any_uf,1,NE,sewer_septic,hypertension,1794,ok,0.036774323946609025,0.1194607659809194,-0.009521518610048185,0.08291285222617413,0.06078121648295482,0.010023610644848852,188,2000,20260919,2000,ok,-0.030966173989242358,0.10391049991496468,0.2402692830086915,0.03922282426245203
any_uf,1,NE,sewer_septic,hemorrhage,1794,ok,0.035827213437956,0.12928845917449505,-0.010469784063090331,0.08197093770860905,-0.03830958540055473,0.10478378321774139,188,2000,20260919,2000,ok,-0.02923562277385191,0.10288995237150936,0.2475736452277565,0.20956756643548277
any_uf,1,NE,sewer_septic,W,1794,ok,0.06271186324282578,0.007884762461259045,0.016480055154208275,0.1086760924025185,0.05702373767869404,0.015711079178831446,188,2000,20260919,2000,ok,-0.005120891683019963,0.13530609738971783,0.03734887481649021,0.0565598850437932
any_uf,1,AL,income_pc,hypertension,102,ok,0.24305517914163122,0.01383515981258793,0.05099050827208353,0.41778228814631296,0.2257663230629174,0.02251483192795672,13,2000,20260919,2000,ok,-0.19472204453891948,0.4625211350041787,0.059293542053948274,0.07236910262557518
any_uf,1,AL,income_pc,hemorrhage,102,ok,-0.06357130268912674,0.525579491999982,-0.25489492784132867,0.1325422166110636,0.009217736556211454,0.9267384259749009,13,2000,20260919,2000,ok,-0.238663685893145,0.14723891005246065,0.6392183010810591,0.9507293057556963
any_uf,1,AL,income_pc,W,102,ok,0.12657920017782245,0.20489161917120682,-0.06960923073203332,0.31334075169040515,0.130612775726459,0.19071060275361945,13,2000,20260919,2000,ok,-0.2067340761855124,0.3592107704575025,0.3301523019182006,0.3502847805678725
any_uf,1,AL,illiteracy_10plus,hypertension,102,ok,-0.27711480945980166,0.004807264991202595,-0.447474468667186,-0.08734721782757232,-0.24730182652691018,0.012214121584850926,13,2000,20260919,2000,ok,-0.4682261913442474,0.03226311422225213,0.031354006532454945,0.045802955943190976
any_uf,1,AL,illiteracy_10plus,hemorrhage,102,ok,0.010034251490298532,0.9202693035055124,-0.18480126844669578,0.20411084443179117,-0.09433898238021596,0.34560928886933745,13,2000,20260919,2000,ok,-0.22268834631741816,0.1747789873913738,0.9630725269243735,0.5237027737948192
any_uf,1,AL,illiteracy_10plus,W,102,ok,-0.1888127497006402,0.05736153385440794,-0.3697120636131613,0.005877982839231779,-0.22093789441311318,0.025646980957239426,13,2000,20260919,2000,ok,-0.43139618123665513,0.01792074609396359,0.14750108705419185,0.07694094287171828
any_uf,1,AL,sewer_septic,hypertension,102,ok,0.2705684019945147,0.005951742146223181,0.08031983541517007,0.44179651326483954,0.29320162170414643,0.002783235802152272,13,2000,20260919,2000,ok,-0.013248425406386407,0.4397170512419765,0.0315092231270639,0.014734777776100263
any_uf,1,AL,sewer_septic,hemorrhage,102,ok,0.20473206332034138,0.03900565424241106,0.010682492507779343,0.38392104885768014,0.2544547693762519,0.009856518326078118,13,2000,20260919,2000,ok,0.02344841718452863,0.47482883463298176,0.1097034025567811,0.03922282426245203
any_uf,1,AL,sewer_septic,W,102,ok,0.3256359874257418,0.0008385484114112381,0.14002884045651387,0.4891349348916728,0.39125026151958425,4.7815533540155763e-05,13,2000,20260919,2000,ok,0.1464135482133708,0.503568959758981,0.007546935702701143,0.0005379247523267524
any_uf,1,BA,income_pc,hypertension,417,ok,0.17027113949933745,0.0004791820384808249,0.07547510450185958,0.26201699787743743,0.18824220798101923,0.00011013654407737399,32,2000,20260919,2000,ok,0.052931947957419886,0.2912101544007012,0.006557996238306773,0.00110136544077374
any_uf,1,BA,income_pc,hemorrhage,417,ok,0.02598421091410108,0.5967297105450919,-0.07022115025297906,0.12171065090935661,0.01021176967761862,0.8352994716408013,32,2000,20260919,2000,ok,-0.051011946620014355,0.10790707892617392,0.6974762850527049,0.9026223509687302
any_uf,1,BA,income_pc,W,417,ok,0.13823894153849253,0.004683466503152658,0.042776665648199506,0.23119987948168108,0.1380189490349356,0.004750375610765674,32,2000,20260919,2000,ok,0.018547053510791014,0.2499872247358691,0.031354006532454945,0.022501779208890033
any_uf,1,BA,illiteracy_10plus,hypertension,417,ok,-0.18322350719321792,0.0001684286087471353,-0.2744251431367644,-0.08875500911079315,-0.16559872506029624,0.0006864380507083538,32,2000,20260919,2000,ok,-0.30592393415513847,-0.0568363526729901,0.0030317149574484357,0.004752263427980911
any_uf,1,BA,illiteracy_10plus,hemorrhage,417,ok,-0.006241179864203325,0.8988872361161707,-0.1022100617628403,0.08984280726598695,-0.04386792025074492,0.3715629731841417,32,2000,20260919,2000,ok,-0.0844024221067131,0.06938394871980058,0.956480317039466,0.5359363457573624
any_uf,1,BA,illiteracy_10plus,W,417,ok,-0.1467347186699818,0.0026672918986627163,-0.23939160282551306,-0.051429265552793015,-0.1436537557764284,0.003282652317644602,32,2000,20260919,2000,ok,-0.2564417342758326,-0.03500962515667354,0.02182329735269495,0.01641326158822301
any_uf,1,BA,sewer_septic,hypertension,417,ok,0.16773843633747323,0.000582932998960602,0.07288227951508487,0.25958716107904484,0.18498746274463185,0.00014525183530809005,32,2000,20260919,2000,ok,0.02235445754528112,0.34180150727796504,0.006557996238306773,0.0013072665177728104
any_uf,1,BA,sewer_septic,hemorrhage,417,ok,-0.01669105291714617,0.7339758906323282,-0.11254080815827655,0.07946646005226297,-0.03497053301978326,0.47634542356886195,32,2000,20260919,2000,ok,-0.14123119427913178,0.13700842129132706,0.8155287673692535,0.6070791190576584
any_uf,1,BA,sewer_septic,W,417,ok,0.10287255605068933,0.03573011656838096,0.006910685165466121,0.19695698500160905,0.11192194160326323,0.022263833116697915,32,2000,20260919,2000,ok,-0.026205775821953728,0.26034162895132296,0.10373259648884794,0.07236910262557518
any_uf,1,CE,income_pc,hypertension,184,ok,0.20224710196736237,0.005901074164893041,0.05932167737484205,0.3370470403385589,0.16203614073716627,0.027982649788773708,33,2000,20260919,2000,ok,0.05284274842201561,0.36676283284149475,0.0315092231270639,0.07870120253092605
any_uf,1,CE,income_pc,hemorrhage,184,ok,0.0271034043796508,0.7149545654377231,-0.11802034548406745,0.17109359457621193,0.15557738335397053,0.034959217298103494,33,2000,20260919,2000,ok,-0.03582868094919775,0.20967391898420618,0.8043238861174384,0.08989513019512328
any_uf,1,CE,income_pc,W,184,ok,0.1971922703891089,0.007296197661936046,0.054073765474016024,0.33237202956559686,0.156750089937647,0.03359286728572424,33,2000,20260919,2000,ok,0.0417632250816969,0.3537164776959172,0.03648098830968023,0.08892229575632887
any_uf,1,CE,illiteracy_10plus,hypertension,184,ok,-0.1409575105023626,0.05632008519279524,-0.2799108475701497,0.0037805948066300934,-0.12083298039327833,0.10228391323414908,33,2000,20260919,2000,ok,-0.33776564656826985,0.0545661930044573,0.14750108705419185,0.20956756643548277
any_uf,1,CE,illiteracy_10plus,hemorrhage,184,ok,-0.044234235996172246,0.5510247427105525,-0.18769420151631822,0.10107354552303588,-0.08433484851139321,0.25503424780698775,33,2000,20260919,2000,ok,-0.16607794688619854,0.07310181631910229,0.6532301601095298,0.42465788787253883
any_uf,1,CE,illiteracy_10plus,W,184,ok,-0.15710741892919927,0.03318564713688867,-0.2950624554587798,-0.012735855796053663,-0.12877202557676037,0.08148998163522195,33,2000,20260919,2000,ok,-0.3424416591344752,0.020653190927552734,0.10298993939034416,0.18335245867924937
any_uf,1,CE,sewer_septic,hypertension,184,ok,0.16908718337948336,0.02176027639724356,0.025038621168443662,0.3062570517841277,0.12013837151008477,0.10428632067194292,33,2000,20260919,2000,ok,-0.07543432394188375,0.3679761277310472,0.07833699503007682,0.20956756643548277
any_uf,1,CE,sewer_septic,hemorrhage,184,ok,-0.06911700822399335,0.3511944472396774,-0.21166171580615933,0.07630696473946755,-0.09510162116964753,0.19909211289997944,33,2000,20260919,2000,ok,-0.17649656533144767,0.01657371499196869,0.4938671914307964,0.3513390227646696
any_uf,1,CE,sewer_septic,W,184,ok,0.14965790551968436,0.042595162366981694,0.005107465446576991,0.28808204096699896,0.09141800389127544,0.21713230271962,33,2000,20260919,2000,ok,-0.07641652144833452,0.3504950835202391,0.11616862463722279,0.3691387940568231
any_uf,1,MA,income_pc,hypertension,217,ok,0.15843102617982377,0.019537006455029742,0.02579081425753283,0.28558934794939045,0.18739814424523168,0.0056197865952340425,21,2000,20260919,2000,ok,0.023423061963546054,0.2760737364080493,0.07326377420636153,0.024758835851273298
any_uf,1,MA,income_pc,hemorrhage,217,ok,0.12391375141497464,0.06847797114713541,-0.00942622527359274,0.25292406159101916,0.22938786882311102,0.0006614084056964787,21,2000,20260919,2000,ok,-0.02138247715334942,0.23974564681719285,0.16218466850637334,0.004752263427980911
any_uf,1,MA,income_pc,W,217,ok,0.16230576440091002,0.01671157185196515,0.029764765250711263,0.28923783848353923,0.18679956184102323,0.0057770616986304365,21,2000,20260919,2000,ok,0.017769247091882205,0.28258970547183193,0.06720219979224777,0.024758835851273298
any_uf,1,MA,illiteracy_10plus,hypertension,217,ok,-0.0864269627355037,0.20473738405537595,-0.21711225554626207,0.04730192883211178,-0.09375247835534226,0.1687855778862614,21,2000,20260919,2000,ok,-0.2608586978759837,0.0918619724912497,0.3301523019182006,0.32320642573964947
any_uf,1,MA,illiteracy_10plus,hemorrhage,217,ok,0.05082063982212734,0.4563972728299581,-0.08292505191425406,0.1827679837200078,-0.0336688351643092,0.6218372207062052,21,2000,20260919,2000,ok,-0.08908724282857386,0.14707607634576647,0.6040552140396505,0.7281298034626902
any_uf,1,MA,illiteracy_10plus,W,217,ok,0.004108372202869814,0.9520195942894026,-0.12914670525627292,0.13721770274614492,-0.07622702721355663,0.26355152435196805,21,2000,20260919,2000,ok,-0.14880934949185642,0.12930879733335565,0.978847499707494,0.42465788787253883
any_uf,1,MA,sewer_septic,hypertension,217,ok,0.08342668484772106,0.22095650631596883,-0.05031680401253507,0.214230750388088,0.004077560027120265,0.9523790139412326,21,2000,20260919,2000,ok,-0.036071273908074894,0.20138343902915265,0.34286354428339993,0.9557945570916734
any_uf,1,MA,sewer_septic,hemorrhage,217,ok,-0.045663444447414596,0.5034134569732425,-0.17776673986302444,0.08805649725156735,0.006032075812508968,0.9296019878500141,21,2000,20260919,2000,ok,-0.13147688311287523,0.053602350106064976,0.6206467277752304,0.9507293057556963
any_uf,1,MA,sewer_septic,W,217,ok,0.000141958293649208,0.9983411208088127,-0.13304496924825218,0.13332384969834543,-0.020479771697878537,0.7641963036622302,21,2000,20260919,2000,ok,-0.09393179633831056,0.12277055904594147,0.9983411208088127,0.8491070040691447
any_uf,1,PB,income_pc,hypertension,223,ok,0.10437961877098349,0.12013464150434575,-0.027372713439099028,0.23256737235053604,0.028862513482719825,0.6681587797155065,23,2000,20260919,2000,ok,-0.10507815471953329,0.2659295534609955,0.2402692830086915,0.7611935465113366
any_uf,1,PB,income_pc,hemorrhage,223,ok,0.09086126919803458,0.17636858284775994,-0.04100518090733694,0.21961665609067677,0.05967079803433586,0.37515544203015366,23,2000,20260919,2000,ok,-0.031175488832418965,0.2609201503926506,0.311238675613694,0.5359363457573624
any_uf,1,PB,income_pc,W,223,ok,0.11508173499865113,0.08642227560652166,-0.016545384204642292,0.24278797002886893,0.03474145332648756,0.6058259484335077,23,2000,20260919,2000,ok,-0.015612615369147683,0.265157421515494,0.1897074342582183,0.7269911381202092
any_uf,1,PB,illiteracy_10plus,hypertension,223,ok,0.002395330436015794,0.9716260756928294,-0.12902223979388888,0.1337302147675052,0.04381668858633284,0.515073467684379,23,2000,20260919,2000,ok,-0.21368072236874247,0.2153658934684851,0.9825432226107265,0.6438418346054737
any_uf,1,PB,illiteracy_10plus,hemorrhage,223,ok,-0.10701116220499068,0.11102205273551621,-0.23508314289625332,0.02471324446667143,0.013384832441476185,0.8424475275708149,23,2000,20260919,2000,ok,-0.2615476393189811,0.0666412012506478,0.2379043987189633,0.9026223509687302
any_uf,1,PB,illiteracy_10plus,W,223,ok,-0.09726729388591585,0.14767785562038208,-0.22575935490442708,0.03455119288626229,0.026510239524378428,0.6937828293140463,23,2000,20260919,2000,ok,-0.2587984021739505,0.12837255689119367,0.2768959792882164,0.7805056829783021
any_uf,1,PB,sewer_septic,hypertension,223,ok,0.10504886157805354,0.11776378902837706,-0.026696545531679883,0.23320733499039975,0.08292631237434,0.21738173427790694,23,2000,20260919,2000,ok,-0.12269427762870719,0.2758300102261769,0.2402692830086915,0.3691387940568231
any_uf,1,PB,sewer_septic,hemorrhage,223,ok,0.06970945284554836,0.30001779657375854,-0.062237499714954264,0.19926154056494413,0.11724746531428754,0.08062536518593295,23,2000,20260919,2000,ok,-0.018346553967718535,0.4416367381334884,0.44195712947320426,0.18335245867924937
any_uf,1,PB,sewer_septic,W,223,ok,0.08511791526647915,0.20542809897132483,-0.046782196276882224,0.21410069510212185,0.1094230763638167,0.10315449650483836,23,2000,20260919,2000,ok,-0.020654922262810262,0.39017308473323237,0.3301523019182006,0.20956756643548277
any_uf,1,PE,income_pc,hypertension,185,ok,0.05207202178410537,0.4814742681001727,-0.09289443448740971,0.19487663882161077,0.11723059238412165,0.11201848185251044,19,2000,20260919,2000,ok,-0.13080098924946507,0.23351916865606695,0.6074535580690438,0.2191665949288248
any_uf,1,PE,income_pc,hemorrhage,185,ok,0.04404752443723635,0.5516165796480474,-0.1008620209468153,0.1871269933223652,0.30715129385876333,2.112559435550662e-05,19,2000,20260919,2000,ok,-0.012055564458379204,0.3501074257760328,0.6532301601095298,0.0002716147845707994
any_uf,1,PE,income_pc,W,185,ok,0.05301948222685856,0.47352252689083435,-0.09195246651586692,0.19579047186068893,0.14939459212557538,0.04239538021181291,19,2000,20260919,2000,ok,-0.14365792259625046,0.25605843494067715,0.6074535580690438,0.10235636218746132
any_uf,1,PE,illiteracy_10plus,hypertension,185,ok,0.00898919488239023,0.9033425216483846,-0.13545507123914252,0.15305929867324874,-0.035540925281567215,0.6310253534560751,19,2000,20260919,2000,ok,-0.2623105024575942,0.25990894227709677,0.956480317039466,0.7281298034626902
any_uf,1,PE,illiteracy_10plus,hemorrhage,185,ok,-0.13094147919265986,0.07563697408428009,-0.27010754675632787,0.013583727578857454,-0.31235607121486425,1.5012360294341158e-05,19,2000,20260919,2000,ok,-0.43411455736104615,-0.0851699383927691,0.17454686327141558,0.0002716147845707994
any_uf,1,PE,illiteracy_10plus,W,185,ok,-0.09604581169010672,0.19342327229490996,-0.2370300300683017,0.04890037121167599,-0.16860540891580483,0.02177973834949521,19,2000,20260919,2000,ok,-0.3335994085801213,0.1362026565438081,0.3301523019182006,0.07236910262557518
any_uf,1,PE,sewer_septic,hypertension,185,ok,0.11375333422311132,0.12313812756090867,-0.03102440846036609,0.2538558964569793,0.06922236426536901,0.34913518252987946,19,2000,20260919,2000,ok,-0.10929875824927333,0.2709730863401759,0.24092242348873436,0.5237027737948192
any_uf,1,PE,sewer_septic,hemorrhage,185,ok,0.03126844479049066,0.6726472768327599,-0.11351221507990827,0.17474874369192483,-0.01315409214391858,0.8589507125426126,19,2000,20260919,2000,ok,-0.1650093598708336,0.10215800351849376,0.7663070242398531,0.9094772250451192
any_uf,1,PE,sewer_septic,W,185,ok,0.07590596456522768,0.3044593558593185,-0.06911955315564416,0.2177895841506999,0.05916287250430543,0.42374038366042377,19,2000,20260919,2000,ok,-0.08955535080488632,0.24410594429676544,0.44195712947320426,0.5692035004393753
any_uf,1,PI,income_pc,hypertension,224,ok,0.09340266014593937,0.16357462395958983,-0.038147217181308805,0.2217702421359804,0.08646124230954365,0.19732538089436594,15,2000,20260919,2000,ok,-0.03567397708085262,0.21625900216738253,0.30044318686455274,0.3513390227646696
any_uf,1,PI,income_pc,hemorrhage,224,ok,0.12332336483444081,0.06540965251291364,-0.007886954794658696,0.2503589903364206,0.040723422613585664,0.5442929683940159,15,2000,20260919,2000,ok,-0.055232781865850275,0.25322882685784015,0.1591045601665467,0.6619779345332626
any_uf,1,PI,income_pc,W,224,ok,0.14064389040310726,0.03540848258476588,0.009740646471211936,0.2668078439659272,0.06494680611127801,0.33323492699160356,15,2000,20260919,2000,ok,-0.03197611012128276,0.27280216398367124,0.10373259648884794,0.5237027737948192
any_uf,1,PI,illiteracy_10plus,hypertension,224,ok,0.12424237254134268,0.06341296085245682,-0.006953698142661469,0.2512335944281474,0.13520975548568923,0.04321713070137256,15,2000,20260919,2000,ok,-0.058157624787236545,0.3447415667001686,0.15853240213114206,0.10235636218746132
any_uf,1,PI,illiteracy_10plus,hemorrhage,224,ok,0.020944887473334867,0.7552269006168203,-0.11044115283658167,0.15161145841708046,0.059921887146886274,0.37206415474608734,15,2000,20260919,2000,ok,-0.16350776165855166,0.24817928316086504,0.8289075738477296,0.5359363457573624
any_uf,1,PI,illiteracy_10plus,W,224,ok,0.06137228281873024,0.36058054966674863,-0.07027589886244094,0.19091918866367294,0.1128906756585178,0.09188589227314667,15,2000,20260919,2000,ok,-0.13391358820462745,0.32317586377047564,0.4992653764616519,0.20170073913617564
any_uf,1,PI,sewer_septic,hypertension,224,ok,0.16569205193168396,0.013022056987396072,0.03537760926355226,0.2904661296260301,0.21496889758417637,0.001206703538705202,15,2000,20260919,2000,ok,0.04026598590747877,0.27548529608925826,0.05859925644328232,0.007757379891676298
any_uf,1,PI,sewer_septic,hemorrhage,224,ok,0.1445674122871935,0.030544496685766035,0.013745062942602122,0.270523727759786,0.14977501551360162,0.02497780134320253,15,2000,20260919,2000,ok,0.004520223877170436,0.2595962631338897,0.09817873934710512,0.07694094287171828
any_uf,1,PI,sewer_septic,W,224,ok,0.1854065088342639,0.005376580559659233,0.05567683434585786,0.3089800023012651,0.23063316135515305,0.0005023201358391804,15,2000,20260919,2000,ok,0.05823662127965999,0.2982793338968451,0.0315092231270639,0.004109892020502385
any_uf,1,RN,income_pc,hypertension,167,ok,-0.08840211861089421,0.25593467068903036,-0.23708286081251764,0.06432504385274274,-0.2301003525448051,0.002776432160465571,19,2000,20260919,2000,ok,-0.3350100132496847,0.11770366015901866,0.3839020060335455,0.014734777776100263
any_uf,1,RN,income_pc,hemorrhage,167,ok,0.06172586729903339,0.4281048993817941,-0.09099066586874151,0.211605886981103,-0.06542524093264038,0.4008912399482176,19,2000,20260919,2000,ok,-0.09755962472838547,0.21345154793385573,0.583779408247901,0.5609282308383716
any_uf,1,RN,income_pc,W,167,ok,0.004194575986594157,0.9570953330473274,-0.1477631443016058,0.1559588243519284,-0.1019938457653937,0.18966382057562947,19,2000,20260919,2000,ok,-0.22313293172744975,0.18277683972179812,0.978847499707494,0.3502847805678725
any_uf,1,RN,illiteracy_10plus,hypertension,167,ok,0.016342922842759705,0.8339605069061214,-0.13585785675877468,0.16779008014482638,0.0551626710608514,0.4789179717010416,19,2000,20260919,2000,ok,-0.20316546073775132,0.20553511184259093,0.9042945255608545,0.6070791190576584
any_uf,1,RN,illiteracy_10plus,hemorrhage,167,ok,-0.07446708322902795,0.33885627127189594,-0.22379976242494648,0.07828178756346979,0.08688222148112998,0.26423157467624636,19,2000,20260919,2000,ok,-0.28236158703469305,0.1475969978668114,0.4840803875312799,0.42465788787253883
any_uf,1,RN,illiteracy_10plus,W,167,ok,-0.05428364009425085,0.485962846455235,-0.20446171196196503,0.0983910618244518,-0.004321873622254231,0.9557945570916734,19,2000,20260919,2000,ok,-0.2875534914715426,0.1651556313843785,0.6074535580690438,0.9557945570916734
any_uf,1,RN,sewer_septic,hypertension,167,ok,-0.05648485913746268,0.4684263825142482,-0.20657644237009162,0.09620397260326176,-0.0648416127244389,0.4051148333832684,19,2000,20260919,2000,ok,-0.2528180414892846,0.17336700676277977,0.6074535580690438,0.5609282308383716
any_uf,1,RN,sewer_septic,hemorrhage,167,ok,0.09960256976894169,0.20031021046800082,-0.053063666137061156,0.24771916330851076,0.022230854372611308,0.77551894904502,19,2000,20260919,2000,ok,-0.14776080670587735,0.3043988751770199,0.3301523019182006,0.8511793343177049
any_uf,1,RN,sewer_septic,W,167,ok,0.03298316362829447,0.6721857191589282,-0.11947889386117391,0.1839254862384037,0.006920767390985393,0.9292684053634336,19,2000,20260919,2000,ok,-0.21881617659660002,0.2919735973368251,0.7663070242398531,0.9507293057556963
any_uf,1,SE,income_pc,hypertension,75,ok,0.26187301213675757,0.02323436938153448,0.037117236665544034,0.46141082117436005,0.47129780440597746,1.9742448442220845e-05,13,2000,20260919,2000,ok,0.1422868275377211,0.4619548479926567,0.0804266632437732,0.0002716147845707994
any_uf,1,SE,income_pc,hemorrhage,75,ok,0.38372628280902416,0.0006777033987922264,0.17171971827424184,0.5617634599978649,0.10983008414277895,0.3482327834299854,13,2000,20260919,2000,ok,-0.22271622775535055,0.6271092740645439,0.006777033987922265,0.5237027737948192
any_uf,1,SE,income_pc,W,75,ok,0.42602751989251275,0.00013850261430826936,0.22037408386048318,0.5954172820039254,0.3584921763869132,0.0015876472114295902,13,2000,20260919,2000,ok,-0.12215568375869787,0.6444425891305439,0.0030317149574484357,0.009525883268577541
any_uf,1,SE,illiteracy_10plus,hypertension,75,ok,-0.15973716837453783,0.17101878682596428,-0.373170017271509,0.06975353851379613,-0.25136044731247675,0.02960473439776505,13,2000,20260919,2000,ok,-0.49964655177697226,0.11921559531922638,0.30783381628673573,0.0807401847211774
any_uf,1,SE,illiteracy_10plus,hemorrhage,75,ok,-0.7581678258992545,3.3713717430299334e-15,-0.8405004195734277,-0.6416113645180298,-0.5984535440456946,1.4234204083719503e-08,13,2000,20260919,2000,ok,-0.8833520551140132,-0.35226565700069257,1.51711728436347e-13,6.405391837673776e-07
any_uf,1,SE,illiteracy_10plus,W,75,ok,-0.7867745262556617,5.924041121409741e-17,-0.8601426010196814,-0.6815080780349495,-0.6991748541378596,3.023420810419155e-12,13,2000,20260919,2000,ok,-0.9004584187724078,-0.3975555870487478,5.3316370092687675e-15,2.7210787293772396e-10
any_uf,1,SE,sewer_septic,hypertension,75,ok,0.08857404920114295,0.44984283388704155,-0.1412268698156474,0.30931770238219625,0.09065498332365371,0.43922450068698465,13,2000,20260919,2000,ok,-0.1767230775634565,0.36775024208388835,0.6040552140396505,0.5813265450268914
any_uf,1,SE,sewer_septic,hemorrhage,75,ok,0.257583456772014,0.025676919073384014,0.03252295617887134,0.45778259158775625,0.08510729095016792,0.4678448889718131,13,2000,20260919,2000,ok,-0.2662859614955072,0.5584067768634059,0.08558973024461339,0.6070791190576584
any_uf,1,SE,sewer_septic,W,75,ok,0.2744641210653424,0.01717389550246332,0.050657902700009555,0.47202233405804445,0.09587482219061165,0.4132190463162808,13,2000,20260919,2000,ok,-0.2628892050415205,0.5754294118525703,0.06720219979224777,0.5634805177040193
any_uf,1000,NE,income_pc,hypertension,842,ok,0.1568067525510772,4.8390229738291995e-06,0.09019996389614442,0.22201703963402647,0.14766978279360837,1.6910253860849113e-05,181,2000,20260919,2000,ok,0.06778047086728026,0.24031868571964685,0.00010887801691115699,0.0005073076158254734
any_uf,1000,NE,income_pc,hemorrhage,842,ok,0.08907136049228571,0.009712328110688211,0.021639193823506556,0.15569678548295293,0.05393801976222562,0.11783031603378706,181,2000,20260919,2000,ok,-0.010839753709410972,0.19941254651794835,0.05463184562262119,0.25159686190986574
any_uf,1000,NE,income_pc,W,842,ok,0.17187211731078897,5.242309946656182e-07,0.10553521317888534,0.23668608560611115,0.14057649599209512,4.250482176741004e-05,181,2000,20260919,2000,ok,0.08612033012225571,0.25932585923542795,1.5726929839968546e-05,0.0007650867918133807
any_uf,1000,NE,illiteracy_10plus,hypertension,842,ok,-0.06847617445279237,0.04699231646083407,-0.13541209068093976,-0.0009180330457558795,-0.04842126179364503,0.1603821774836361,181,2000,20260919,2000,ok,-0.1631432375504822,0.030183304099001447,0.14583822349914022,0.30502123667842534
any_uf,1000,NE,illiteracy_10plus,hemorrhage,842,ok,-0.03812100787090875,0.2691922488090498,-0.10541190323639131,0.02951740417951333,-0.03008768434291112,0.3832291858562129,181,2000,20260919,2000,ok,-0.14706995249693294,0.055155878654758086,0.42504039285639444,0.5654201102796584
any_uf,1000,NE,illiteracy_10plus,W,842,ok,-0.09177766094698779,0.00770332758655279,-0.1583581155382946,-0.02436636127390946,-0.08035884872973693,0.019695428637428448,181,2000,20260919,2000,ok,-0.18849363390683815,-0.0006865770898765953,0.046219965519316744,0.07090354309474241
any_uf,1000,NE,sewer_septic,hypertension,842,ok,0.080745110699152,0.019111627713838047,0.013255032702581073,0.14750282235941256,0.10968829424160977,0.0014338645002318082,181,2000,20260919,2000,ok,0.0003282341012280998,0.16368070307880045,0.07478463018458366,0.010753983751738562
any_uf,1000,NE,sewer_septic,hemorrhage,842,ok,0.01773032411727779,0.607419040399763,-0.049891830065924306,0.08519066257079795,-0.09571433283934191,0.005442198109269119,181,2000,20260919,2000,ok,-0.07865219015913812,0.1072563093727625,0.7099703069607619,0.02721099054634559
any_uf,1000,NE,sewer_septic,W,842,ok,0.08284695876925657,0.01619225135185449,0.015370604637294942,0.14957214148256154,0.085343280376824,0.013239242670055102,181,2000,20260919,2000,ok,-0.010502585619979308,0.1712856043769881,0.06624102825758656,0.05457274038965905
any_uf,1000,AL,income_pc,hypertension,63,ok,0.2357536351842624,0.06287449846857353,-0.01275652553487477,0.45683428869448023,0.22561443932411673,0.07542027945176942,13,2000,20260919,2000,ok,-0.22089231262465892,0.45291763537500274,0.16952652595740883,0.19413201673738475
any_uf,1000,AL,income_pc,hemorrhage,63,ok,-0.08264688835808193,0.519603801099029,-0.32378183758965773,0.16856995292286137,-0.07762096774193548,0.5453960255960594,13,2000,20260919,2000,ok,-0.28601640456568145,0.2537656724625216,0.6406074260125015,0.7326215269200799
any_uf,1000,AL,income_pc,W,63,ok,0.09243894994860037,0.47117790657076575,-0.15896692453144767,0.3325867031374651,0.06816436251920123,0.5955423743138322,13,2000,20260919,2000,ok,-0.26725093389072474,0.36155488606090475,0.6058001655909846,0.7656973384034985
any_uf,1000,AL,illiteracy_10plus,hypertension,63,ok,-0.2755263116236048,0.028843077805973335,-0.4898512631323153,-0.02979527676397448,-0.22422525906238647,0.07728446726211455,13,2000,20260919,2000,ok,-0.5034115644665554,0.10224575455270274,0.09614359268657778,0.19413201673738475
any_uf,1000,AL,illiteracy_10plus,hemorrhage,63,ok,0.07753851788585452,0.5458242520074835,-0.17356085031646862,0.3191718341941453,0.02438848765735838,0.849521173431954,13,2000,20260919,2000,ok,-0.2806318857268695,0.28505474768686234,0.6632355425005915,0.9100841924635078
any_uf,1000,AL,illiteracy_10plus,W,63,ok,-0.15009787584861553,0.24032537182226318,-0.38359730648324974,0.10143959459239507,-0.1599414303749792,0.21051404372737367,13,2000,20260919,2000,ok,-0.4473828928880522,0.11172369284671872,0.40809968800006957,0.3789252787092726
any_uf,1000,AL,sewer_septic,hypertension,63,ok,0.23424945400645492,0.06462156328190918,-0.014348339580830857,0.4555735347912776,0.2567204301075269,0.04225213344917279,13,2000,20260919,2000,ok,-0.10415330845891592,0.48716266998117963,0.16952652595740883,0.13331927045462463
any_uf,1000,AL,sewer_septic,hemorrhage,63,ok,0.3153099615050605,0.011830919597815938,0.0732688989601988,0.5222735325122216,0.46673387096774194,0.00011532293746959806,13,2000,20260919,2000,ok,0.052799409800310275,0.7528660364764498,0.05678831669690175,0.001729844062043971
any_uf,1000,AL,sewer_septic,W,63,ok,0.45270757122969824,0.0001950779289111152,0.23083406592393343,0.6298278916764216,0.4949596774193549,3.727282132610028e-05,13,2000,20260919,2000,ok,0.233131378328308,0.6670585945655793,0.002194626700250046,0.0007650867918133807
any_uf,1000,BA,income_pc,hypertension,231,ok,0.2634432890166355,5.0323951233273816e-05,0.13909550583197633,0.37961238060139835,0.1974566768864028,0.0025737171139267093,32,2000,20260919,2000,ok,0.07812484381145618,0.4206129773961928,0.0006470222301420919,0.015589497504501549
any_uf,1000,BA,income_pc,hemorrhage,231,ok,0.028315801252709896,0.6685680091510232,-0.10113150497349703,0.15682030962975108,0.01049312222934707,0.8739675891881765,32,2000,20260919,2000,ok,-0.07466592101931022,0.13979373603079606,0.7559736268388836,0.9100841924635078
any_uf,1000,BA,income_pc,W,231,ok,0.17793497467050104,0.006700430480484922,0.05000580274127541,0.3001196730014206,0.16484164529139622,0.012108299787102789,32,2000,20260919,2000,ok,0.029125619657832107,0.3216839496628888,0.046219965519316744,0.05457274038965905
any_uf,1000,BA,illiteracy_10plus,hypertension,231,ok,-0.28428252980945545,1.1431430738119895e-05,-0.3987290328048483,-0.1611169639777678,-0.23092358269159255,0.00040218923884584686,32,2000,20260919,2000,ok,-0.4323582986840394,-0.11052665652507566,0.00020576575328615812,0.003619703149612622
any_uf,1000,BA,illiteracy_10plus,hemorrhage,231,ok,0.017143309980579533,0.7955107548759291,-0.11218260664235429,0.1458981407187385,-0.001495236929611975,0.9819674574912822,32,2000,20260919,2000,ok,-0.07848451128311366,0.12787830941758094,0.8626020233594413,0.9819674574912822
any_uf,1000,BA,illiteracy_10plus,W,231,ok,-0.163331968424705,0.012930449731342343,-0.28637220021318277,-0.034992011021998,-0.1622649814794975,0.013540729689006959,32,2000,20260919,2000,ok,-0.2905227904104533,-0.0459028777135706,0.05818702379104054,0.05457274038965905
any_uf,1000,BA,sewer_septic,hypertension,231,ok,0.2687998228688528,3.477824947114077e-05,0.1447441989373625,0.38453562972708116,0.23110555112054365,0.00039784454140806417,32,2000,20260919,2000,ok,0.08017431402291314,0.4550157803453791,0.0005216737420671116,0.003619703149612622
any_uf,1000,BA,sewer_septic,hemorrhage,231,ok,0.00013279307151111596,0.9983983824829538,-0.12894709402322044,0.1292082552231972,0.010893256267299032,0.8692038068517737,32,2000,20260919,2000,ok,-0.11324883226537072,0.12056585475830789,0.9983983824829538,0.9100841924635078
any_uf,1000,BA,sewer_septic,W,231,ok,0.18138668757439547,0.005694793546907212,0.05356308165718767,0.30336176387776176,0.20230436729687107,0.002000925107903285,32,2000,20260919,2000,ok,0.0346493345498014,0.3376036597829875,0.04271095160180409,0.013852558439330436
any_uf,1000,CE,income_pc,hypertension,128,ok,0.2026564488944846,0.021781111409557366,0.03018754466802458,0.3634069988107703,0.14481420760336822,0.10290665287477979,32,2000,20260919,2000,ok,0.037287860135905404,0.38428493198752683,0.07841200107440652,0.24372628312447844
any_uf,1000,CE,income_pc,hemorrhage,128,ok,0.01971519107488626,0.8251817442124252,-0.15434335839135876,0.1925868274300015,0.1565312930976759,0.0776528066949539,32,2000,20260919,2000,ok,-0.040745598688955414,0.2205893217608006,0.8841232973704555,0.19413201673738475
any_uf,1000,CE,income_pc,W,128,ok,0.19363513129886484,0.028523370321803836,0.020803655538830575,0.3552293669167939,0.1407081760269935,0.11314661536277068,32,2000,20260919,2000,ok,0.026236914492889642,0.3586041033257809,0.09614359268657778,0.25159686190986574
any_uf,1000,CE,illiteracy_10plus,hypertension,128,ok,-0.15506717281889207,0.08050510789042799,-0.3199871860878627,0.018973905790892642,-0.1320221307154439,0.137406674087586,32,2000,20260919,2000,ok,-0.3760566978013375,0.05586972502605413,0.19066999237206628,0.274813348175172
any_uf,1000,CE,illiteracy_10plus,hemorrhage,128,ok,-0.051982887087594264,0.5600655692227218,-0.22349731534745068,0.1226540399756538,-0.13845073142419434,0.11910503516996265,32,2000,20260919,2000,ok,-0.20901557449687358,0.007700440452969831,0.6632355425005915,0.25159686190986574
any_uf,1000,CE,illiteracy_10plus,W,128,ok,-0.16298177309327624,0.0660402409976566,-0.3272567091681014,0.01085576496653085,-0.13967768933109445,0.1158370942009419,32,2000,20260919,2000,ok,-0.36799380302397305,0.025879633320560303,0.16952652595740883,0.25159686190986574
any_uf,1000,CE,sewer_septic,hypertension,128,ok,0.10351945561835058,0.24489973375513502,-0.07129172549269372,0.2721609274138355,0.04119844293409003,0.6442743202651026,32,2000,20260919,2000,ok,-0.1853179092306673,0.357133966936881,0.40816622292522503,0.7930069248538762
any_uf,1000,CE,sewer_septic,hemorrhage,128,ok,-0.01833295586473592,0.8372625168179958,-0.1912550229988129,0.1556928660314743,-0.058374403617106885,0.5127828001358747,32,2000,20260919,2000,ok,-0.17658743120773876,0.053847896648262124,0.8865132531014073,0.710006954034288
any_uf,1000,CE,sewer_septic,W,128,ok,0.10857066946779906,0.22250398123387252,-0.06620720771106844,0.27688458613859507,0.036251373374839774,0.6845606148601332,32,2000,20260919,2000,ok,-0.14483522152551964,0.34148107833056773,0.40050716622097055,0.816137972525859
any_uf,1000,MA,income_pc,hypertension,113,ok,0.23679180303205274,0.011564405985419685,0.054443473715039,0.4038559541438163,0.19078115643090027,0.042958431590934605,21,2000,20260919,2000,ok,0.058163147781330485,0.4849015017393446,0.05678831669690175,0.13331927045462463
any_uf,1000,MA,income_pc,hemorrhage,113,ok,0.07796892973509921,0.4117281124135581,-0.10832106213697223,0.2589687775029907,0.10190802967767594,0.2827996122011058,21,2000,20260919,2000,ok,-0.09903139026544742,0.22245044389708304,0.5530676136898542,0.46276300178362767
any_uf,1000,MA,income_pc,W,113,ok,0.1420744509723202,0.13332824510747623,-0.043805053050945175,0.3184465217745889,0.1726245924545878,0.06749357571784591,21,2000,20260919,2000,ok,-0.017822931772961525,0.29795712008726793,0.28570338237316334,0.18982568170644162
any_uf,1000,MA,illiteracy_10plus,hypertension,113,ok,-0.08468066839346544,0.3725203331383433,-0.2652610020230901,0.10163910001259335,-0.10625188475718227,0.26267589823233406,21,2000,20260919,2000,ok,-0.3755700112330134,0.11385690165477011,0.5306705695772204,0.43779316372055677
any_uf,1000,MA,illiteracy_10plus,hemorrhage,113,ok,0.12264792457827896,0.19560976497098642,-0.06352107871557319,0.30056786321983026,0.010481095087634453,0.9122667860234704,21,2000,20260919,2000,ok,-0.028902126950627948,0.23492089459199425,0.35928324178344445,0.9330001220694584
any_uf,1000,MA,illiteracy_10plus,W,113,ok,0.08609932445296366,0.3645351349553798,-0.10022458225240972,0.2665890193741684,-0.036003701516475924,0.7049908609135326,21,2000,20260919,2000,ok,-0.10318665452016638,0.20671269520492414,0.5291639055803901,0.8240152919768562
any_uf,1000,MA,sewer_septic,hypertension,113,ok,0.07672759727516416,0.4192353309174075,-0.10955504570157486,0.2578033481160782,-0.043349524253110665,0.6484600409555036,21,2000,20260919,2000,ok,-0.07469219994913802,0.25974822605231784,0.5548702909200981,0.7930069248538762
any_uf,1000,MA,sewer_septic,hemorrhage,113,ok,-0.06948611950968779,0.4645840744161165,-0.25099414229428435,0.11674222561107812,-0.0541201784129668,0.5691347437424261,21,2000,20260919,2000,ok,-0.1627357109551652,0.0512028637938494,0.6058001655909846,0.7472074165410437
any_uf,1000,MA,sewer_septic,W,113,ok,-0.04291108953577574,0.6517824823844502,-0.225850604679231,0.142951907630029,-0.09763623660922219,0.30356991359083335,21,2000,20260919,2000,ok,-0.13755272535267532,0.06229819059588679,0.7520567104435963,0.4878802182709822
any_uf,1000,PB,income_pc,hypertension,54,ok,0.18986296293359442,0.1691002356585198,-0.08206984202327564,0.43548444052694363,-0.021078711644749375,0.8797480527147241,21,2000,20260919,2000,ok,-0.34530675510012027,0.39330234659644436,0.3299143228313793,0.9100841924635078
any_uf,1000,PB,income_pc,hemorrhage,54,ok,0.13638904091074008,0.32540845996615153,-0.13635099742249873,0.38991022713341345,0.10029683782724938,0.47053723521038565,21,2000,20260919,2000,ok,-0.05916436696968161,0.533985777335924,0.4907753454777348,0.6776845356303295
any_uf,1000,PB,income_pc,W,54,ok,0.1884782171222708,0.1722885908119425,-0.08349613892457748,0.43431993300741084,0.09151896321707641,0.510428019240138,21,2000,20260919,2000,ok,-0.13735268349298013,0.5194741381251105,0.3299143228313793,0.710006954034288
any_uf,1000,PB,illiteracy_10plus,hypertension,54,ok,-0.26169680381709526,0.05593614786565521,-0.4947866287850971,0.0065206666123178054,-0.18930354951520884,0.17038306303271172,21,2000,20260919,2000,ok,-0.5462417289498637,0.23192541438648318,0.16239526799706352,0.31294848312130724
any_uf,1000,PB,illiteracy_10plus,hemorrhage,54,ok,-0.16708261912341174,0.22720773532507207,-0.41622216942614654,0.10539302182451578,-0.1653895907272315,0.2320189894786902,21,2000,20260919,2000,ok,-0.4337604830915851,-0.043354016941686176,0.40095482704424484,0.3939945104355117
any_uf,1000,PB,illiteracy_10plus,W,54,ok,-0.23085663006674303,0.0930508902136489,-0.4695898183302368,0.03933541477736223,-0.30499752309125777,0.024925877192460894,21,2000,20260919,2000,ok,-0.5109337949973937,-0.057464784148808554,0.20936450298071002,0.0862818825892877
any_uf,1000,PB,sewer_septic,hypertension,54,ok,-0.14458721957802273,0.29688938676805926,-0.39697883538094303,0.12813401087925239,-0.12346102534781779,0.3737718029031181,21,2000,20260919,2000,ok,-0.5276319149067732,0.22329173962352206,0.46069042774354024,0.5654201102796584
any_uf,1000,PB,sewer_septic,hemorrhage,54,ok,0.15772355667358062,0.25468074544881336,-0.11488900647167094,0.40824312673460417,-0.08507833174442618,0.5407512877513256,21,2000,20260919,2000,ok,-0.12390632444556231,0.4122341511032815,0.41675031073442187,0.7326215269200799
any_uf,1000,PB,sewer_septic,W,54,ok,0.12254219106512074,0.3773657383660234,-0.1501449122818849,0.37790300467570076,-0.05568896512292738,0.6891831767996143,21,2000,20260919,2000,ok,-0.3302572355000626,0.3330732667045018,0.5306705695772204,0.816137972525859
any_uf,1000,PE,income_pc,hypertension,135,ok,0.20755699900766125,0.015712093820733276,0.040002677994618284,0.3637577984479693,0.18313335284362506,0.033499486612295924,18,2000,20260919,2000,ok,0.08068829293054754,0.37467681773060657,0.06624102825758656,0.11166495537431975
any_uf,1000,PE,income_pc,hemorrhage,135,ok,0.03186212672631834,0.7137270895420429,-0.13783704053323262,0.19974398260399465,0.3211762190396225,0.00014577235631723292,18,2000,20260919,2000,ok,-0.03769687160307571,0.3777701432626676,0.7930300994911588,0.0018742160097929947
any_uf,1000,PE,income_pc,W,135,ok,0.1529725453044857,0.07651198929641151,-0.01640869505903069,0.31381879065406837,0.20823334308847918,0.015368217278721261,18,2000,20260919,2000,ok,0.002567409397707432,0.36503178947445325,0.18611024423451447,0.05763081479520473
any_uf,1000,PE,illiteracy_10plus,hypertension,135,ok,-0.13092371418344387,0.130134081492927,-0.29339090600035017,0.038893779995946086,-0.1551511576388713,0.07236303939834833,18,2000,20260919,2000,ok,-0.41477850337911043,0.13163496201045427,0.2856601788869129,0.19413201673738475
any_uf,1000,PE,illiteracy_10plus,hemorrhage,135,ok,-0.12463350354236784,0.1497919718500927,-0.287535799381739,0.04527707285929474,-0.3866620810588417,3.6161425386745422e-06,18,2000,20260919,2000,ok,-0.49249677962088123,-0.06276816327246999,0.3063926696933714,0.00025398237648781785
any_uf,1000,PE,illiteracy_10plus,W,135,ok,-0.19759077945167494,0.021610490048639096,-0.35470627693079854,-0.029622565823916345,-0.28587420877910336,0.00077633182496334,18,2000,20260919,2000,ok,-0.4489527564140016,0.01725818070134819,0.07841200107440652,0.006351805840609146
any_uf,1000,PE,sewer_septic,hypertension,135,ok,0.21569376760849723,0.011988644636012593,0.048504264217206806,0.3711259672911071,0.16253048483074825,0.059643975764893976,18,2000,20260919,2000,ok,-0.01622091634202663,0.389225854083676,0.05678831669690175,0.17893192729468194
any_uf,1000,PE,sewer_septic,hemorrhage,135,ok,0.015068856995955622,0.8622851180711238,-0.15428108570716265,0.18355866272390584,-0.07614605616954705,0.3800601844557185,18,2000,20260919,2000,ok,-0.2600761210546793,0.09800672054388894,0.8920190876597833,0.5654201102796584
any_uf,1000,PE,sewer_septic,W,135,ok,0.1019245804149952,0.23947082144347212,-0.06820715161107686,0.2662958739527248,0.12084186908594285,0.1626779928951602,18,2000,20260919,2000,ok,-0.064262646851288,0.28248689028089136,0.40809968800006957,0.30502123667842534
any_uf,1000,PI,income_pc,hypertension,43,ok,0.20167175949704788,0.19468153794574639,-0.10503410926566266,0.4733447167575907,0.033675626698882515,0.8302511552051485,14,2000,20260919,2000,ok,-0.20191220897023257,0.45088958850275906,0.35928324178344445,0.9100841924635078
any_uf,1000,PI,income_pc,hemorrhage,43,ok,0.11056793989403255,0.48028369610550753,-0.1962945492727217,0.39770466441093083,-0.1120507399577167,0.4743791749412306,14,2000,20260919,2000,ok,-0.25253480006605966,0.39680309052263696,0.6088103190069815,0.6776845356303295
any_uf,1000,PI,income_pc,W,43,ok,0.17345130055682711,0.26599302768875016,-0.13386633130031916,0.45033494735849494,-0.02823920265780731,0.8573441675437392,14,2000,20260919,2000,ok,-0.2011407871304959,0.4347422542863608,0.42504039285639444,0.9100841924635078
any_uf,1000,PI,illiteracy_10plus,hypertension,43,ok,-0.12913820646846166,0.4091861151179191,-0.4134461978845766,0.1781139588136296,-0.07076772272473499,0.6520279159909649,14,2000,20260919,2000,ok,-0.45565497119339704,0.2659826098074204,0.5530676136898542,0.7930069248538762
any_uf,1000,PI,illiteracy_10plus,hemorrhage,43,ok,0.014436848153731313,0.926790333800394,-0.28715210963987187,0.3134217066412075,0.15324195241033864,0.32655600588825456,14,2000,20260919,2000,ok,-0.3424543994454769,0.36448537712618595,0.9478537504776756,0.5067248367231536
any_uf,1000,PI,illiteracy_10plus,W,43,ok,-0.06646043259858395,0.6719765571901187,-0.35962580884262735,0.23864705812566417,0.037536348126140116,0.8111262550734055,14,2000,20260919,2000,ok,-0.40917454596529734,0.32358581439599654,0.7559736268388836,0.9100841924635078
any_uf,1000,PI,sewer_septic,hypertension,43,ok,0.29748345670690723,0.052701375104803584,-0.0031410484587026085,0.5487940357978034,0.23165206886137116,0.1349932016466541,14,2000,20260919,2000,ok,-0.008843179691618634,0.5801016032594117,0.15810412531441076,0.274813348175172
any_uf,1000,PI,sewer_septic,hemorrhage,43,ok,0.21712029320353277,0.16194891230635536,-0.08902923029334418,0.4857857052871114,0.186650558743582,0.2307419147634509,14,2000,20260919,2000,ok,-0.16593300867645894,0.5071789730599148,0.3238978246127107,0.3939945104355117
any_uf,1000,PI,sewer_septic,W,43,ok,0.28991102067168306,0.05932490403183066,-0.011427901844025654,0.5429763080483819,0.24056176381757777,0.12020738957915807,14,2000,20260919,2000,ok,-0.07091594527278233,0.6146505415126258,0.16685129258952375,0.25159686190986574
any_uf,1000,RN,income_pc,hypertension,36,ok,0.10188261850863668,0.5543435822580395,-0.2345024029414281,0.416477971953245,-0.035263835263835266,0.8382134487393156,17,2000,20260919,2000,ok,-0.4123393202260229,0.2780216291835545,0.6632355425005915,0.9100841924635078
any_uf,1000,RN,income_pc,hemorrhage,36,ok,-0.11313336773289787,0.5112076472631495,-0.4258412858422715,0.22371758471778447,-0.41106821106821106,0.012754146460640771,17,2000,20260919,2000,ok,-0.39805079665881415,-0.06029478517384998,0.6390095590789369,0.05457274038965905
any_uf,1000,RN,income_pc,W,36,ok,-0.03259186338526763,0.8503281096686607,-0.35730175992258395,0.29914701877025357,-0.03346203346203346,0.8463789316546749,17,2000,20260919,2000,ok,-0.3478702774953274,0.2147668609925168,0.8898782543044124,0.9100841924635078
any_uf,1000,RN,illiteracy_10plus,hypertension,36,ok,-0.1446046972274974,0.40009943267993775,-0.4516820115901653,0.19310503838699694,-0.011584502605941491,0.9465370073079268,17,2000,20260919,2000,ok,-0.3605048377589289,0.3917823858608879,0.5530676136898542,0.9571722545810496
any_uf,1000,RN,illiteracy_10plus,hemorrhage,36,ok,0.2865962936791785,0.09014228968668352,-0.0462988068181654,0.5621971631652088,0.4641524044113891,0.004350452927313618,17,2000,20260919,2000,ok,0.11463676021364731,0.541691683742602,0.20802066850773118,0.02303180961518974
any_uf,1000,RN,illiteracy_10plus,W,36,ok,0.15569898149840003,0.3645274773319443,-0.18215444443317982,0.46067020402818554,0.09718110519428695,0.5728590193481335,17,2000,20260919,2000,ok,-0.28137110617251765,0.45976822547976787,0.5291639055803901,0.7472074165410437
any_uf,1000,RN,sewer_septic,hypertension,36,ok,0.25145488588420795,0.13904092327985718,-0.08402207687867944,0.5357327173377094,0.3127413127413128,0.06329472276439664,17,2000,20260919,2000,ok,-0.10107674458816894,0.552694504363604,0.29101588593458483,0.1837588725417967
any_uf,1000,RN,sewer_septic,hemorrhage,36,ok,-0.16806634683200894,0.3271835636518232,-0.47061661149482875,0.16984766611223107,-0.08597168597168597,0.6180962211308478,17,2000,20260919,2000,ok,-0.35927270900170044,0.12303309942670689,0.4907753454777348,0.7835022521376945
any_uf,1000,RN,sewer_septic,W,36,ok,-0.0033737248842620783,0.9844199108028963,-0.33154198529397705,0.32552281905470404,0.2442728442728443,0.15106865761000113,17,2000,20260919,2000,ok,-0.268381875195398,0.42100761923013175,0.9954808086770861,0.29556911271521963
any_uf,1000,SE,income_pc,hypertension,39,ok,0.336626418148475,0.036133335436440414,0.023617851421231083,0.5895288045268311,0.5576923076923077,0.0002255953624302559,13,2000,20260919,2000,ok,0.18101750524205482,0.5763138543715806,0.11614286390284419,0.002537947827340379
any_uf,1000,SE,income_pc,hemorrhage,39,ok,0.48806738638935077,0.0016215841168336538,0.2039586599241687,0.6963508720890299,0.1653846153846154,0.31433208912658595,13,2000,20260919,2000,ok,-0.1979283888104636,0.6843812946157551,0.014594257051502885,0.49631382493671466
any_uf,1000,SE,income_pc,W,39,ok,0.524712803647315,0.0006053316652413059,0.2507007198434307,0.7208834004418792,0.4649797570850203,0.0028594601961303375,13,2000,20260919,2000,ok,-0.09207568302806834,0.6920397592844504,0.006053316652413059,0.016084463603233148
any_uf,1000,SE,illiteracy_10plus,hypertension,39,ok,-0.29548155483267274,0.06781061038296353,-0.5588932821801822,0.02209544275656331,-0.39062423350874576,0.013946366988468423,13,2000,20260919,2000,ok,-0.7501632552249142,0.0838530437879204,0.16952652595740883,0.05457274038965905
any_uf,1000,SE,illiteracy_10plus,hemorrhage,39,ok,-0.7916108527117823,1.9687022602169436e-09,-0.8858676459134033,-0.6345943527698978,-0.4689920812888829,0.0025982495840835913,13,2000,20260919,2000,ok,-0.9220785529333543,-0.20184788157609906,8.859160170976246e-08,0.015589497504501549
any_uf,1000,SE,illiteracy_10plus,W,39,ok,-0.82069357616178,1.5899429677581713e-10,-0.9025117042153115,-0.6816970897968183,-0.6566091638943018,5.644052810840397e-06,13,2000,20260919,2000,ok,-0.9303691800629474,-0.2951273834239976,1.4309486709823541e-08,0.00025398237648781785
any_uf,1000,SE,sewer_septic,hypertension,39,ok,0.04951949414074944,0.7646567810072646,-0.27021953318354713,0.3594208657561637,-0.036032388663967616,0.8276070846871587,13,2000,20260919,2000,ok,-0.4044734364603064,0.4149498370899756,0.8392574425689491,0.9100841924635078
any_uf,1000,SE,sewer_septic,hemorrhage,39,ok,0.43711891157174143,0.0053942178210933,0.1410561021707704,0.6614146642399779,0.2805668016194332,0.08361725878039594,13,2000,20260919,2000,ok,-0.08946252632448441,0.7063123412382001,0.04271095160180409,0.20339333216853067
any_uf,1000,SE,sewer_septic,W,39,ok,0.4204242490874727,0.0077014675613372875,0.12095154341328694,0.6497511481724031,0.19898785425101218,0.22458073833425438,13,2000,20260919,2000,ok,-0.17258178423347179,0.7165628390249831,0.046219965519316744,0.3939945104355117
same_uf,1,NE,income_pc,hypertension,1794,ok,0.08095553794952591,0.0005987766233758214,0.03480630514668724,0.12676025672298158,0.10842986470260163,4.164648279621834e-06,188,2000,20260919,2000,ok,0.01838620877864491,0.1415189028328322,0.004899081463983993,9.370458629149128e-05
same_uf,1,NE,income_pc,hemorrhage,1794,ok,0.06781273887361519,0.004058765590059317,0.02160089215050769,0.11373543524576864,0.07427786440063938,0.0016425504993752519,188,2000,20260919,2000,ok,0.009328866800356508,0.13720409038319237,0.02283055644408366,0.008695855584927803
same_uf,1,NE,income_pc,W,1794,ok,0.11015978091406119,2.912789474430537e-06,0.06420748273695913,0.15564591182795237,0.1178094475085568,5.61964569311441e-07,188,2000,20260919,2000,ok,0.05764222072245608,0.1695661502265047,8.738368423291611e-05,1.685893707934323e-05
same_uf,1,NE,illiteracy_10plus,hypertension,1794,ok,0.046135005463062505,0.05073009361648464,-0.00014494186529073763,0.09221774816402761,0.048851872087199245,0.0385512204770374,188,2000,20260919,2000,ok,-0.01857238368830741,0.11318406655859128,0.11414271063709043,0.0963780511925935
same_uf,1,NE,illiteracy_10plus,hemorrhage,1794,ok,-0.035453937830716015,0.1333298583740167,-0.08159968730019383,0.010843491982419533,-0.03161220933055026,0.18078024931125708,188,2000,20260919,2000,ok,-0.12077318112723469,0.024060466293916685,0.23476121859107837,0.3069853290191158
same_uf,1,NE,illiteracy_10plus,W,1794,ok,-0.031499327257057286,0.1823431555069752,-0.07766574574495795,0.01480188846361794,-0.02090238052907697,0.37625736778141244,188,2000,20260919,2000,ok,-0.09870563099705532,0.028001009376922823,0.303905259178292,0.4979876926518694
same_uf,1,NE,sewer_septic,hypertension,1794,ok,0.041663510815558226,0.07769484453821304,-0.004625044928795103,0.08777390547312339,0.07202050766565596,0.002270854917471839,188,2000,20260919,2000,ok,-0.025972588735568295,0.10975615797839623,0.15538968907642609,0.01099134045390959
same_uf,1,NE,sewer_septic,hemorrhage,1794,ok,0.035831160149696006,0.12924624235568086,-0.01046583271134006,0.08197486293913563,-0.03788641141524352,0.10867866889877524,188,2000,20260919,2000,ok,-0.03224963441755174,0.10534273097667202,0.23476121859107837,0.20810808938063344
same_uf,1,NE,sewer_septic,W,1794,ok,0.06447288781471426,0.006300288805851582,0.018247697101709703,0.11042304738592024,0.05408255535061143,0.021976077663998974,188,2000,20260919,2000,ok,-0.0010487248511901334,0.135811845820967,0.03150144402925791,0.07063739249142528
same_uf,1,AL,income_pc,hypertension,102,ok,0.19611074252297309,0.048218459944642814,0.0017007082949855278,0.3762364998568849,0.20896121593884118,0.035054989439648396,13,2000,20260919,2000,ok,-0.169738989983743,0.44395703839961204,0.11127336910302187,0.09014140141623873
same_uf,1,AL,income_pc,hemorrhage,102,ok,0.05518999495380509,0.5816732946722802,-0.1407960758733629,0.24701367710703168,0.11836535350167923,0.23606931310212764,13,2000,20260919,2000,ok,-0.1539307877375517,0.199351866523021,0.6888236384277002,0.37769687163296445
same_uf,1,AL,income_pc,W,102,ok,0.19908857549300715,0.044851501272004345,0.0047995045249425,0.378893573242472,0.21965948736507004,0.026535898339592655,13,2000,20260919,2000,ok,-0.15840424763910302,0.45050169470578816,0.10909824633730787,0.08014756850378266
same_uf,1,AL,illiteracy_10plus,hypertension,102,ok,-0.2326053999248586,0.018642039606683716,-0.408597037522017,-0.0399370938659051,-0.2412622127350751,0.014573861486587208,13,2000,20260919,2000,ok,-0.4607356065072871,0.01627422764357232,0.06522949653842738,0.050447982068955725
same_uf,1,AL,illiteracy_10plus,hemorrhage,102,ok,-0.05613987145722836,0.5751797957016047,-0.2479081577249069,0.13986201028842457,-0.11597941166885246,0.2457148548100646,13,2000,20260919,2000,ok,-0.32848872750407576,0.18645993825123205,0.6888236384277002,0.37769687163296445
same_uf,1,AL,illiteracy_10plus,W,102,ok,-0.2536662573957532,0.010095162982921608,-0.42707291322976315,-0.06226289622267414,-0.2709117399921831,0.00588618916964263,13,2000,20260919,2000,ok,-0.521112658863494,0.008499761816940272,0.03950281167230195,0.02207320938615986
same_uf,1,AL,sewer_septic,hypertension,102,ok,0.3095717445386107,0.0015447310491461237,0.12247002483084765,0.475424232727176,0.3116578362576406,0.0014296030265526908,13,2000,20260919,2000,ok,0.014377639800235514,0.458179351267156,0.009930413887367939,0.008577618159316146
same_uf,1,AL,sewer_septic,hemorrhage,102,ok,0.37545464359496256,0.00010089524460519343,0.19523513343099447,0.5311470409242115,0.2187847366927302,0.027159131525338893,13,2000,20260919,2000,ok,-0.027676132088495835,0.5403757846882344,0.0012972245734953441,0.08014756850378266
same_uf,1,AL,sewer_septic,W,102,ok,0.3822471635207171,7.352552842601376e-05,0.20285175440317657,0.536816477479968,0.34492878185591264,0.00038481542662575083,13,2000,20260919,2000,ok,0.061919456724347635,0.5366272861160585,0.0011028829263902064,0.0031560527981945394
same_uf,1,BA,income_pc,hypertension,417,ok,0.17851724793239782,0.0002483496527535643,0.08392585123880524,0.2699201377972893,0.20721040832023013,1.9987352513632746e-05,32,2000,20260919,2000,ok,0.056989975853283734,0.2943385481215357,0.0024834965275356427,0.0002569802466038496
same_uf,1,BA,income_pc,hemorrhage,417,ok,0.014522372695058449,0.7674739737868357,-0.08162159621696281,0.11039855309267796,0.024992505621000107,0.6108160591561738,32,2000,20260919,2000,ok,-0.05265911433688836,0.08175891434137654,0.8423494834245758,0.6786845101735264
same_uf,1,BA,income_pc,W,417,ok,0.12670547802780044,0.009595390172415025,0.031053178350701757,0.22005805241863322,0.14300992705421944,0.003426493635750901,32,2000,20260919,2000,ok,0.019504085331368454,0.23008228514593804,0.03925386888715238,0.01430344132623395
same_uf,1,BA,illiteracy_10plus,hypertension,417,ok,-0.19349566172563115,6.976642795808811e-05,-0.28424414377510127,-0.09931085742335223,-0.17303370268154983,0.00038573978644599927,32,2000,20260919,2000,ok,-0.32362281789993463,-0.05362208838313189,0.0011028829263902064,0.0031560527981945394
same_uf,1,BA,illiteracy_10plus,hemorrhage,417,ok,-0.004958243529338011,0.9195926193654324,-0.10094032233925307,0.09111528079358,-0.06254951872231214,0.20241131080903452,32,2000,20260919,2000,ok,-0.08172582023801178,0.06900509166930453,0.9728836269478054,0.33121850859660196
same_uf,1,BA,illiteracy_10plus,W,417,ok,-0.14308340277342294,0.0034097938520383617,-0.23587257884678042,-0.047708796248644825,-0.14877062302215466,0.002320394095825358,32,2000,20260919,2000,ok,-0.257306553616805,-0.03184161427574763,0.02045876311223017,0.01099134045390959
same_uf,1,BA,sewer_septic,hypertension,417,ok,0.15730914517751626,0.0012694911761809012,0.062218909496644756,0.24956918897464253,0.16518666384920436,0.0007082290279645455,32,2000,20260919,2000,ok,0.007355356613389425,0.3323211493649544,0.008788785065867779,0.0053117177097340915
same_uf,1,BA,sewer_septic,hemorrhage,417,ok,0.00433669009462429,0.929644354639014,-0.09173165244162637,0.10032505004871108,-0.04440444222743497,0.3657363248623256,32,2000,20260919,2000,ok,-0.14470803735242566,0.1587559610313165,0.9728836269478054,0.4979876926518694
same_uf,1,BA,sewer_septic,W,417,ok,0.10640765351156234,0.0298138506197073,0.01048464861805086,0.2003901391683307,0.09366325785775381,0.0559892093559118,32,2000,20260919,2000,ok,-0.029958362318489057,0.25214620128857645,0.08385145486792678,0.12597572105080154
same_uf,1,CE,income_pc,hypertension,184,ok,0.20393983410176403,0.005490264890883647,0.06108083465813943,0.3386110959788031,0.17129999966290427,0.020071779252987906,33,2000,20260919,2000,ok,0.053738269894905,0.3690886752045681,0.0290661082458546,0.06690593084329302
same_uf,1,CE,income_pc,hemorrhage,184,ok,0.026015214870940048,0.7259319563874873,-0.11909399696178964,0.1700363173252998,0.14979135528441584,0.04240873645997721,33,2000,20260919,2000,ok,-0.03649183004787303,0.20655950943859525,0.8065910626527637,0.10315638598372835
same_uf,1,CE,income_pc,W,184,ok,0.19828303940393957,0.006972479365311499,0.05520553022600012,0.33338140039823516,0.16065099913844744,0.029369180691849135,33,2000,20260919,2000,ok,0.045069321308572226,0.35191433083202633,0.033027533835686046,0.08014756850378266
same_uf,1,CE,illiteracy_10plus,hypertension,184,ok,-0.14342394040121353,0.05210171151347508,-0.2822293033483461,0.0012632850373134603,-0.12908700820281116,0.08074098859570215,33,2000,20260919,2000,ok,-0.3443670501948091,0.05108743214807217,0.11436961063933554,0.1614819771914043
same_uf,1,CE,illiteracy_10plus,hemorrhage,184,ok,-0.04199180108296748,0.5714124844733413,-0.18552582523916233,0.10329669760214717,-0.07950007972542207,0.2833871539777786,33,2000,20260919,2000,ok,-0.16382043420198666,0.07940904063970539,0.6888236384277002,0.40483879139682655
same_uf,1,CE,illiteracy_10plus,W,184,ok,-0.15831297141372797,0.031842546136940125,-0.29619071111019635,-0.013971937765717207,-0.1311040529090814,0.07607517581590567,33,2000,20260919,2000,ok,-0.3443716156838417,0.016034038644459448,0.08620225592246514,0.15894876270472408
same_uf,1,CE,sewer_septic,hypertension,184,ok,0.16656105769447818,0.023836403372060957,0.0224407501516879,0.30389964368979144,0.11506424457244128,0.11986482848892853,33,2000,20260919,2000,ok,-0.07917788556441271,0.36360845831929706,0.07397504494777539,0.2201598890612973
same_uf,1,CE,sewer_septic,hemorrhage,184,ok,-0.07204827089798428,0.33109339440510654,-0.21447391520412104,0.07337752693948914,-0.10145463935894149,0.1705752723776973,33,2000,20260919,2000,ok,-0.18264913572197336,0.010575649673071216,0.4656000858821811,0.29522643296139917
same_uf,1,CE,sewer_septic,W,184,ok,0.1462009818944286,0.04766922101598512,0.0015732402829406486,0.28483779642546797,0.08141241740671533,0.2719291709894034,33,2000,20260919,2000,ok,-0.07673745045001738,0.3465419495573861,0.11127336910302187,0.3947358933717146
same_uf,1,MA,income_pc,hypertension,217,ok,0.1579975309703775,0.0198775141160937,0.02534647997943952,0.2851809353335239,0.16675947897986873,0.013909996033719946,21,2000,20260919,2000,ok,0.014451088044429499,0.28766841491514833,0.066258380386979,0.050075985721391804
same_uf,1,MA,income_pc,hemorrhage,217,ok,0.12975763304558627,0.056328484692223346,-0.0034870410405433852,0.25847515657361747,0.2679267836981677,6.405815166821857e-05,21,2000,20260919,2000,ok,-0.008134885504038191,0.24508347919951493,0.12070389576905002,0.0007206542062674589
same_uf,1,MA,income_pc,W,217,ok,0.17100638293340792,0.011631039275470897,0.03870345694007163,0.2974170082990088,0.19137282327586247,0.0046692247280535094,21,2000,20260919,2000,ok,0.023833726388462716,0.2836582039792703,0.04361639728301586,0.01827087937064417
same_uf,1,MA,illiteracy_10plus,hypertension,217,ok,-0.1757262770035893,0.009490114116227553,-0.3018462785401454,-0.04356137536190021,-0.19743144800558698,0.0034963967686349657,21,2000,20260919,2000,ok,-0.33657502831485747,0.00154542926958929,0.03925386888715238,0.01430344132623395
same_uf,1,MA,illiteracy_10plus,hemorrhage,217,ok,0.03368031266661381,0.6217183642395073,-0.09995245543695053,0.16611956347266746,-0.12001761606696112,0.07770828398897622,21,2000,20260919,2000,ok,-0.12214913359170701,0.1241451921113145,0.7173673433532777,0.15894876270472408
same_uf,1,MA,illiteracy_10plus,W,217,ok,-0.03468703824653145,0.6113315138628739,-0.1670994886840122,0.09895452126857832,-0.13566727398621897,0.04591219262042229,21,2000,20260919,2000,ok,-0.20617130085884885,0.08854894196060231,0.7145433278916707,0.10873940357468435
same_uf,1,MA,sewer_septic,hypertension,217,ok,0.12603944840274467,0.06383203402435601,-0.007266950294166456,0.2549442415916176,0.0555856769626348,0.4152274575471272,21,2000,20260919,2000,ok,0.009003258331779788,0.24941800243297158,0.13360193167888468,0.5263446644963584
same_uf,1,MA,sewer_septic,hemorrhage,217,ok,-0.050812589828317004,0.456468698870969,-0.18276018247242404,0.08293306724462894,0.02312953552078282,0.734762829870597,21,2000,20260919,2000,ok,-0.1375508422681514,0.043143370486020516,0.5705858735887113,0.8064470083945579
same_uf,1,MA,sewer_septic,W,217,ok,0.0005625266305718177,0.9934265629505733,-0.13263182222582698,0.13373691919984002,-0.0020276775364699152,0.9763086502218974,21,2000,20260919,2000,ok,-0.09929387894800398,0.1305479936421564,0.9934265629505733,0.9763086502218974
same_uf,1,PB,income_pc,hypertension,223,ok,0.06775067663274247,0.3138361223072438,-0.06419770741965801,0.19737087055836872,-0.002053600552175983,0.9756726926551674,23,2000,20260919,2000,ok,-0.13694333126181676,0.21929739980764293,0.455693494473276,0.9763086502218974
same_uf,1,PB,income_pc,hemorrhage,223,ok,0.08348733863030827,0.21427545224051328,-0.04842072309663205,0.21253317620140819,0.07843353708598344,0.24342123788218345,23,2000,20260919,2000,ok,-0.05695669224266568,0.25431546195078875,0.3383296614323894,0.37769687163296445
same_uf,1,PB,income_pc,W,223,ok,0.10023835335771847,0.13563981518595639,-0.03155415167103742,0.22860482201393692,0.03473789403119973,0.6058628957133284,23,2000,20260919,2000,ok,-0.055145241720432975,0.24547651111311677,0.23476121859107837,0.6786845101735264
same_uf,1,PB,illiteracy_10plus,hypertension,223,ok,0.004187160926492495,0.9504222605185032,-0.12725981231174224,0.13548959663257137,0.03475619503698772,0.6056729327125274,23,2000,20260919,2000,ok,-0.19651016218262868,0.19401042206589977,0.976902027624743,0.6786845101735264
same_uf,1,PB,illiteracy_10plus,hemorrhage,223,ok,-0.11354149382121348,0.09074486947466882,-0.24131877315879477,0.018105549969638174,-0.01711098067419207,0.7994151865270498,23,2000,20260919,2000,ok,-0.27015202012442463,0.040050169401137606,0.17376677133447221,0.8565162712789819
same_uf,1,PB,illiteracy_10plus,W,223,ok,-0.10237137885657134,0.12747214720863265,-0.23064632876973712,0.029401010490001413,0.013824696539179839,0.8373405976376237,23,2000,20260919,2000,ok,-0.26530282214741563,0.10652053621333854,0.23476121859107837,0.8865959269104251
same_uf,1,PB,sewer_septic,hypertension,223,ok,0.0848843219463239,0.2066791138781958,-0.04701697209187093,0.21387617607293916,0.07697981181775458,0.25229494988808626,23,2000,20260919,2000,ok,-0.1244925771069252,0.24780369476308675,0.33216286158995756,0.3784424248321294
same_uf,1,PB,sewer_septic,hemorrhage,223,ok,0.06579623001325818,0.32803192328169767,-0.06615256806954753,0.19548341805898597,0.11465185212798701,0.08761175852491032,23,2000,20260919,2000,ok,-0.02225309134529801,0.406317691147013,0.4656000858821811,0.17141431015743325
same_uf,1,PB,sewer_septic,W,223,ok,0.07766254197799831,0.24809997677784,-0.05426812754794855,0.2069282072004116,0.10243825941988913,0.12722233610570738,23,2000,20260919,2000,ok,-0.02507895780581163,0.34867653354854083,0.38498272258630345,0.2290002049902733
same_uf,1,PE,income_pc,hypertension,185,ok,0.05561296440791288,0.4521272396212663,-0.08937269102338964,0.1982906381166462,0.11521771886336282,0.1183553405792332,19,2000,20260919,2000,ok,-0.12725254690219137,0.23263658717842475,0.5705858735887113,0.2201598890612973
same_uf,1,PE,income_pc,hemorrhage,185,ok,0.25293323077920277,0.0005135224568252024,0.11278000972172017,0.38321807929630475,0.31416323209166097,1.3313159362483509e-05,19,2000,20260919,2000,ok,0.05753152899428013,0.4029537391043456,0.004621702111426822,0.00023963686852470316
same_uf,1,PE,income_pc,W,185,ok,0.0686528929942011,0.353123706304538,-0.07637213153310532,0.2108333037064114,0.13655667741779587,0.06381433546351148,19,2000,20260919,2000,ok,-0.1503383889912237,0.30436113210907856,0.47434527712549884,0.14008024857843984
same_uf,1,PE,illiteracy_10plus,hypertension,185,ok,0.0013076227729331238,0.985906061072954,-0.1429879518005935,0.1455487652102101,-0.04123655165791437,0.5773133704508157,19,2000,20260919,2000,ok,-0.2744556353983401,0.254760235585117,0.9934265629505733,0.669271021350665
same_uf,1,PE,illiteracy_10plus,hemorrhage,185,ok,-0.30095472247547417,3.1464405161113815e-05,-0.42669686308130805,-0.16379795382235038,-0.2816943766867323,0.00010256288918528737,19,2000,20260919,2000,ok,-0.4649507823133353,-0.09540258987236826,0.0007079491161250609,0.0010256288918528737
same_uf,1,PE,illiteracy_10plus,W,185,ok,-0.07650018570211656,0.3006782180100595,-0.2183588519747063,0.06852469223491417,-0.14099384486781022,0.05558191495044598,19,2000,20260919,2000,ok,-0.3696960089500699,0.18354598996751914,0.45101732701508923,0.12597572105080154
same_uf,1,PE,sewer_septic,hypertension,185,ok,0.12800817910116102,0.0824843891437799,-0.016566361234808858,0.2673396675899629,0.07769625321335728,0.2931619025915251,19,2000,20260919,2000,ok,-0.09311903694462513,0.27392720160781103,0.1613825004986998,0.41225892551933213
same_uf,1,PE,sewer_septic,hemorrhage,185,ok,-0.031662712444096165,0.6687619290326443,-0.17513132395781209,0.11312262442645914,-0.01229928940902735,0.8680303689547872,19,2000,20260919,2000,ok,-0.18925816857616656,0.12195966032816886,0.7618806786447847,0.9084038744875681
same_uf,1,PE,sewer_septic,W,185,ok,0.07025732793428151,0.3419593623328644,-0.07476912647726341,0.21237332758110491,0.040942344869413595,0.5800348851705763,19,2000,20260919,2000,ok,-0.12083217946818342,0.25656170738249606,0.4663082213629969,0.669271021350665
same_uf,1,PI,income_pc,hypertension,224,ok,0.10035672600158588,0.13429404933870281,-0.03113568777871354,0.22843448304951386,0.0936676430718998,0.16237773374685907,15,2000,20260919,2000,ok,-0.019859837833250137,0.2186323310271196,0.23476121859107837,0.2865489419062219
same_uf,1,PI,income_pc,hemorrhage,224,ok,0.11896441934587867,0.07559288650351315,-0.012310373451513562,0.24620782968386468,0.040997198517784224,0.5415877848182534,15,2000,20260919,2000,ok,-0.06246185548544229,0.25015415119238676,0.15462181330264052,0.6499053417819041
same_uf,1,PI,income_pc,W,224,ok,0.1428770545668206,0.03256529668182016,0.012019339021126457,0.2689232860741652,0.07600650225960597,0.2572830163252972,15,2000,20260919,2000,ok,-0.02493627074060156,0.27204432537845885,0.08620225592246514,0.3795978929389631
same_uf,1,PI,illiteracy_10plus,hypertension,224,ok,0.13496985139353865,0.04359279696410358,0.003957037739764841,0.2614274397169726,0.14218898362432242,0.033419862777477896,15,2000,20260919,2000,ok,-0.04722710302698095,0.34863269397326985,0.10898199241025894,0.08846434264626502
same_uf,1,PI,illiteracy_10plus,hemorrhage,224,ok,0.017043818809320002,0.7997429427698551,-0.11429435460925948,0.14779644158410477,0.05990303325904855,0.3722148989960516,15,2000,20260919,2000,ok,-0.16719023093415555,0.24304204069427848,0.8647105643876963,0.4979876926518694
same_uf,1,PI,illiteracy_10plus,W,224,ok,0.06758592590300275,0.31392218508159014,-0.06406446635042506,0.1969241278297455,0.11842713602298893,0.07693255325127833,15,2000,20260919,2000,ok,-0.12471799376383655,0.3245156580237382,0.455693494473276,0.15894876270472408
same_uf,1,PI,sewer_septic,hypertension,224,ok,0.14764308788897285,0.027141312426889944,0.01688708923725153,0.2734340126672226,0.2102064748904735,0.0015566689784297784,15,2000,20260919,2000,ok,0.03590006913995774,0.2689115004320984,0.08117603929438856,0.008695855584927803
same_uf,1,PI,sewer_septic,hemorrhage,224,ok,0.14012567771055684,0.03609752367605377,0.009212063051504552,0.2663167751906594,0.1461672537547651,0.028731429205393715,15,2000,20260919,2000,ok,-0.0026027409547210523,0.25383866291016066,0.09282220373842398,0.08014756850378266
same_uf,1,PI,sewer_septic,W,224,ok,0.1759645917042607,0.008303089085235835,0.04594145178854235,0.3001247559624857,0.21878116331709785,0.0009803024324607603,15,2000,20260919,2000,ok,0.050021594667447926,0.28958903278327364,0.03736390088356126,0.006786709147805264
same_uf,1,RN,income_pc,hypertension,167,ok,-0.088346064212621,0.25623744173496865,-0.23702953999261395,0.06438130551364195,-0.23095306191333834,0.0026745641731676342,19,2000,20260919,2000,ok,-0.3354998844587618,0.1181251657276051,0.390870673833003,0.012035538779254354
same_uf,1,RN,income_pc,hemorrhage,167,ok,0.06157789881458092,0.4292151016087122,-0.09113796717910316,0.21146400034256554,-0.06726659196633608,0.38773860478105887,19,2000,20260919,2000,ok,-0.0979300354391079,0.21325348830893937,0.5680788109527073,0.5057460062361637
same_uf,1,RN,income_pc,W,167,ok,0.004380738382591215,0.9551930936775265,-0.14758103820983673,0.15614045675523452,-0.1022373354753769,0.18860338998251835,19,2000,20260919,2000,ok,-0.2237495708956516,0.18383232220917564,0.976902027624743,0.3143389833041973
same_uf,1,RN,illiteracy_10plus,hypertension,167,ok,0.019039325672851524,0.8070631934285166,-0.13320942812635753,0.17041019962020454,0.05761957626062311,0.4595238666421799,19,2000,20260919,2000,ok,-0.19899027991749274,0.207942816038381,0.8647105643876963,0.5665362739424136
same_uf,1,RN,illiteracy_10plus,hemorrhage,167,ok,-0.07456458563415279,0.3382224642365159,-0.22389289639615714,0.07818434082959984,0.0899632408260239,0.24760128251494337,19,2000,20260919,2000,ok,-0.2826741188171894,0.1475287618262282,0.4663082213629969,0.37769687163296445
same_uf,1,RN,illiteracy_10plus,W,167,ok,-0.05255566320887917,0.49997185892899987,-0.20280064670766504,0.10010691396088782,-0.0028460333377730205,0.9708815373895932,19,2000,20260919,2000,ok,-0.2863389229560187,0.1668035024744504,0.6164036616932875,0.9763086502218974
same_uf,1,RN,sewer_septic,hypertension,167,ok,-0.06054896199903845,0.43698089733729634,-0.21047718046734817,0.09216207985772193,-0.06622520822200378,0.3951448204812853,19,2000,20260919,2000,ok,-0.25350420084392794,0.16962322171584945,0.5699750834834301,0.5080433406187954
same_uf,1,RN,sewer_septic,hemorrhage,167,ok,0.09943477147266058,0.20107319067565452,-0.05323266419993068,0.24756007974879643,0.02183905844036457,0.779372789075469,19,2000,20260919,2000,ok,-0.14777708065961065,0.3045585461110462,0.32902885746925287,0.8451030242987013
same_uf,1,RN,sewer_septic,W,167,ok,0.030825542133681202,0.6925065424864907,-0.12160733020632064,0.1818379030893325,0.00789730158353322,0.919319720761774,19,2000,20260919,2000,ok,-0.21930657529961053,0.2898720873296044,0.7790698602973021,0.9510204007880422
same_uf,1,SE,income_pc,hypertension,75,ok,0.2617582044555505,0.02329707291172252,0.03699414930975266,0.461313800378521,0.4721329200465494,1.8995240412584273e-05,13,2000,20260919,2000,ok,0.14248896767654332,0.4617246558478202,0.07397504494777539,0.0002569802466038496
same_uf,1,SE,income_pc,hemorrhage,75,ok,0.38427795961229994,0.0006646950855278875,0.17234766314508998,0.5622061856760835,0.10870554765291607,0.35322052322911024,13,2000,20260919,2000,ok,-0.22094812651958007,0.6268223894507772,0.0049852131414591565,0.4890745706249219
same_uf,1,SE,income_pc,W,75,ok,0.42624698426259855,0.00013728952846151667,0.22062920605277195,0.5955903460852404,0.3634139402560455,0.0013519178398077403,13,2000,20260919,2000,ok,-0.11918958844098085,0.6442838437077354,0.0015445071951920625,0.008577618159316146
same_uf,1,SE,illiteracy_10plus,hypertension,75,ok,-0.1597589500866561,0.17095967776151572,-0.3731892565723812,0.06973129510873305,-0.25168592241328513,0.02938744178472031,13,2000,20260919,2000,ok,-0.4985617980355939,0.11967408115283937,0.290308886764838,0.08014756850378266
same_uf,1,SE,illiteracy_10plus,hemorrhage,75,ok,-0.7590528354177353,3.000421078632555e-15,-0.8411113539715471,-0.6428362725715605,-0.6002418612459138,1.2563020673518706e-08,13,2000,20260919,2000,ok,-0.8838334549066937,-0.3556030681246498,1.3501894853846497e-13,5.653359303083417e-07
same_uf,1,SE,illiteracy_10plus,W,75,ok,-0.7871610757461507,5.585722708016071e-17,-0.8604065351923149,-0.6820515035571368,-0.699317121887201,2.980186679698098e-12,13,2000,20260919,2000,ok,-0.9004783039589924,-0.3983342293054869,5.027150437214464e-15,2.6821680117282883e-10
same_uf,1,SE,sewer_septic,hypertension,75,ok,0.08787977347017978,0.4534169374864146,-0.14191256835064142,0.3086847907574813,0.08944777948938543,0.4453672150211866,13,2000,20260919,2000,ok,-0.1783911992998368,0.36851329053324056,0.5705858735887113,0.5567090187764833
same_uf,1,SE,sewer_septic,hemorrhage,75,ok,0.25387495817088424,0.027960635756956058,0.028558660999442567,0.4546404527718871,0.06665718349928876,0.569895831643084,13,2000,20260919,2000,ok,-0.2683118875250823,0.5576061913764132,0.08117603929438856,0.669271021350665
same_uf,1,SE,sewer_septic,W,75,ok,0.27065625679649075,0.01884407677776791,0.046554171190636914,0.4688191759798179,0.08298719772403983,0.47904369661886714,13,2000,20260919,2000,ok,-0.2687240827336421,0.5714383496138069,0.06522949653842738,0.5826207121040277
same_uf,1000,NE,income_pc,hypertension,828,ok,0.15935636357788072,4.0650685122851405e-06,0.09222620758322378,0.22504448710467861,0.1531722503814629,9.554373204800226e-06,180,2000,20260919,2000,ok,0.07059542615044119,0.24161814659230704,9.146404152641567e-05,0.00025570851430294956
same_uf,1000,NE,income_pc,hemorrhage,828,ok,0.09974371091029487,0.00406651445518093,0.03182853475811225,0.16674205713605936,0.07379297254043968,0.03374720711235702,180,2000,20260919,2000,ok,-0.000932140734118473,0.20682635910859665,0.02437413220807163,0.10847316571829042
same_uf,1000,NE,income_pc,W,828,ok,0.18326648709839535,1.0928601308768757e-07,0.1165907919971899,0.2482976618145194,0.15188682806060883,1.1364822857908869e-05,180,2000,20260919,2000,ok,0.10122056093729247,0.26996906801296455,3.2785803926306273e-06,0.00025570851430294956
same_uf,1000,NE,illiteracy_10plus,hypertension,828,ok,-0.06424784681474202,0.06462439727975827,-0.13180238107319323,0.0039007006018493247,-0.0438878952037459,0.2071022005350475,180,2000,20260919,2000,ok,-0.1567001667737469,0.033400817614334985,0.16156099319939568,0.36178536000526784
same_uf,1000,NE,illiteracy_10plus,hemorrhage,828,ok,-0.04809085620636434,0.16681108346026755,-0.11584277014789358,0.02010649562209873,-0.04370227395628729,0.20903154133637697,180,2000,20260919,2000,ok,-0.15895321738186236,0.049038853391829215,0.3018653379747464,0.36178536000526784
same_uf,1000,NE,illiteracy_10plus,W,828,ok,-0.09904844458950295,0.004333179059212734,-0.16605929678908185,-0.031127026736859086,-0.08144794107518423,0.01907723126121356,180,2000,20260919,2000,ok,-0.19859913876519647,-0.008340244292037825,0.02437413220807163,0.07465003536996612
same_uf,1000,NE,sewer_septic,hypertension,828,ok,0.0901525565916621,0.009445157093840452,0.02215717811932241,0.15731774823331485,0.1252858332524888,0.00030162476592866696,180,2000,20260919,2000,ok,0.004192592600868714,0.16898211621933493,0.04047924468788765,0.003878032704797147
same_uf,1000,NE,sewer_septic,hemorrhage,828,ok,0.008028817659503643,0.817560428303143,-0.060135550277070175,0.07611865247983728,-0.10438717846708469,0.002634738216108935,180,2000,20260919,2000,ok,-0.10048367752440918,0.0977560212807459,0.8798342051024957,0.01580842929665361
same_uf,1000,NE,sewer_septic,W,828,ok,0.07989677365016015,0.021491761168188663,0.011829695540658042,0.14722681956400607,0.07447172961397543,0.03214026376335573,180,2000,20260919,2000,ok,-0.009790088842309355,0.17013145858194179,0.07163920389396221,0.1071342125445191
same_uf,1000,AL,income_pc,hypertension,62,ok,0.2174535991125194,0.08955162408147294,-0.034170506103598376,0.44315284379303554,0.18949409483518423,0.1401818182430357,13,2000,20260919,2000,ok,-0.24348501361767505,0.4416470701320503,0.18865594625069237,0.29556911271521963
same_uf,1000,AL,income_pc,hemorrhage,62,ok,0.0057306897129965504,0.9647405731119926,-0.24438731532344277,0.2551337082945112,0.00936779944925115,0.9423929685894425,13,2000,20260919,2000,ok,-0.19730920050259687,0.185946229844463,0.9866664952281742,0.9656495664427706
same_uf,1000,AL,income_pc,W,62,ok,0.18536608551208547,0.1491884193515095,-0.06752859342019296,0.415879661251611,0.15700939286343835,0.22295464253267497,13,2000,20260919,2000,ok,-0.22349796035940278,0.410470899837104,0.2797282862840803,0.37860222316869335
same_uf,1000,AL,illiteracy_10plus,hypertension,62,ok,-0.2535382895649658,0.046772616230641766,-0.4733323416904272,-0.004024971409203469,-0.20037021775008151,0.11840809141913645,13,2000,20260919,2000,ok,-0.48564157172551736,0.12265182547027997,0.13579146647605675,0.28801968183033194
same_uf,1000,AL,illiteracy_10plus,hemorrhage,62,ok,0.058799329683942095,0.64985958599216,-0.1938152835970646,0.3041014369816006,-0.003991840044433573,0.9754352444177484,13,2000,20260919,2000,ok,-0.21495635145726752,0.23225691856685687,0.7498379838371076,0.9754352444177484
same_uf,1000,AL,illiteracy_10plus,W,62,ok,-0.22686703288897156,0.07619579794942791,-0.45107542078775253,0.024276794234129265,-0.20618790506786291,0.10787601292210101,13,2000,20260919,2000,ok,-0.48105094296793516,0.081458231152588,0.18046373198548712,0.28801968183033194
same_uf,1000,AL,sewer_septic,hypertension,62,ok,0.24805478653705584,0.0519031685973792,-0.0018265843893089985,0.4687792114970786,0.28397673188789,0.025299582765169092,13,2000,20260919,2000,ok,-0.09123551923149982,0.4960306120940796,0.138226480083679,0.0896255204331553
same_uf,1000,AL,sewer_septic,hemorrhage,62,ok,0.5148481495630791,1.858276972736964e-05,0.3041975273132716,0.677495392545509,0.3673335767909315,0.003314584583999047,13,2000,20260919,2000,ok,-0.08154389119881035,0.7484980730043838,0.0002389213250661811,0.018644538284994638
same_uf,1000,AL,sewer_septic,W,62,ok,0.39496808893878166,0.0014884126948484068,0.1610916535213208,0.5868438683846514,0.3887336002618922,0.001793855306118895,13,2000,20260919,2000,ok,0.005399085173754188,0.639327039829941,0.01084031128663074,0.013659574834035602
same_uf,1000,BA,income_pc,hypertension,226,ok,0.27266510041094333,3.248138826077933e-05,0.1474099654896755,0.389312635037771,0.21036903583695804,0.0014693374108988987,32,2000,20260919,2000,ok,0.07985639586680847,0.4317223404696887,0.0003654156179337675,0.013659574834035602
same_uf,1000,BA,income_pc,hemorrhage,226,ok,0.028204634912678498,0.6732137928395382,-0.1026736878920884,0.1581230389222202,0.03223376679423641,0.6297931508642103,32,2000,20260919,2000,ok,-0.0733275879723634,0.1386983026597224,0.7573655169444805,0.7764573092846428
same_uf,1000,BA,income_pc,W,226,ok,0.17791678489800739,0.007334328186865905,0.048543467407267234,0.3014187892065203,0.16214061161519971,0.014680755274441359,32,2000,20260919,2000,ok,0.029205363555000405,0.32415984239473966,0.03474155456936481,0.06005763521362374
same_uf,1000,BA,illiteracy_10plus,hypertension,226,ok,-0.2831291448862529,1.5495975939365282e-05,-0.39889113791404357,-0.15848449431703193,-0.22785276032988538,0.0005566501502180392,32,2000,20260919,2000,ok,-0.44701428390228637,-0.09796973605060873,0.00023625260098888865,0.006262314189952941
same_uf,1000,BA,illiteracy_10plus,hemorrhage,226,ok,0.017921134126580314,0.7887444908571214,-0.11284318403597506,0.1480752383688972,-0.03323682181035957,0.6191709362611673,32,2000,20260919,2000,ok,-0.08556193102592162,0.1372603662760846,0.8656951728919626,0.7739636703264591
same_uf,1000,BA,illiteracy_10plus,W,226,ok,-0.15625413424989293,0.01875098834740813,-0.2810241173085916,-0.026289805610204026,-0.15232705891191817,0.021982879605737544,32,2000,20260919,2000,ok,-0.28664395492170375,-0.028933837806755874,0.06693296270520699,0.0824357985215158
same_uf,1000,BA,sewer_septic,hypertension,226,ok,0.2451143346372902,0.00019814261340356267,0.11840128827889,0.36397217699046724,0.2047769949909741,0.0019730496982495868,32,2000,20260919,2000,ok,0.044204481659068554,0.43293854880588145,0.0018748706220058477,0.013659574834035602
same_uf,1000,BA,sewer_septic,hemorrhage,226,ok,-0.0010669596712584038,0.9872734971125187,-0.13154905303108613,0.12945147505617882,0.003781229326998453,0.9549201268156287,32,2000,20260919,2000,ok,-0.11540225277531252,0.12234442484096243,0.9872734971125187,0.9656495664427706
same_uf,1000,BA,sewer_septic,W,226,ok,0.1675112547929769,0.011664699077417682,0.03783799414563714,0.2916364091361068,0.17501024651677496,0.008369883182734933,32,2000,20260919,2000,ok,0.020885966787973793,0.3193964956012412,0.04564447465076484,0.041849415913674665
same_uf,1000,CE,income_pc,hypertension,127,ok,0.19873622561579712,0.025097989677065002,0.02540104130641589,0.3604703845723657,0.13945933436948776,0.1178787673970968,32,2000,20260919,2000,ok,0.032545710725997545,0.38267270624507493,0.08067210967628037,0.28801968183033194
same_uf,1000,CE,income_pc,hemorrhage,127,ok,0.017242266914282645,0.8474261070601341,-0.15744531448609078,0.19088351890349342,0.1404563336901949,0.11524941223701492,32,2000,20260919,2000,ok,-0.04304648653548332,0.21854142143548252,0.8893775022366045,0.28801968183033194
same_uf,1000,CE,income_pc,W,127,ok,0.18882092732750877,0.03350093170333912,0.015103111297032389,0.3514737082526726,0.13117227217550184,0.14156719619987054,32,2000,20260919,2000,ok,0.014088476948995298,0.3508156586401106,0.10396840873450072,0.29556911271521963
same_uf,1000,CE,illiteracy_10plus,hypertension,127,ok,-0.14935641299903624,0.09375124528839268,-0.3153652251230042,0.025522318050852803,-0.12513915459797134,0.1609690237955188,32,2000,20260919,2000,ok,-0.3717427048865453,0.06374440174587219,0.19176391081716684,0.30823855620418494
same_uf,1000,CE,illiteracy_10plus,hemorrhage,127,ok,-0.04828908120583871,0.5898010435841307,-0.2206474863177576,0.126993914489941,-0.12152496551368099,0.17350547548310238,32,2000,20260919,2000,ok,-0.2019832373208561,0.015177658056855187,0.6984486042443652,0.325322766530817
same_uf,1000,CE,illiteracy_10plus,W,127,ok,-0.15590496969860712,0.08006528584549563,-0.3213903480756666,0.018820860803780984,-0.12830015159701647,0.15056981481212972,32,2000,20260919,2000,ok,-0.3603430756454656,0.03424250375078293,0.18476604425883605,0.29556911271521963
same_uf,1000,CE,sewer_septic,hypertension,127,ok,0.09830441107594558,0.2715297450749445,-0.07723292364100928,0.26793045450289726,0.03443124296962879,0.7007576763647161,32,2000,20260919,2000,ok,-0.18625554886433998,0.3515869198507176,0.4006176566679509,0.8409092116376593
same_uf,1000,CE,sewer_septic,hemorrhage,127,ok,-0.02025507387011204,0.821178591428996,-0.19378589415839634,0.15450477026373524,-0.07321892297050082,0.41331393134001665,32,2000,20260919,2000,ok,-0.18606235153501285,0.05498796462217329,0.8798342051024957,0.590448473342881
same_uf,1000,CE,sewer_septic,W,127,ok,0.10267685573621134,0.2506766092254581,-0.07284074420969087,0.2720255524437974,0.026592379077615292,0.7666418625894108,32,2000,20260919,2000,ok,-0.15601231211307834,0.3369372729622615,0.3930206920659546,0.8960749043252854
same_uf,1000,MA,income_pc,hypertension,112,ok,0.28865465608569724,0.0020249860824259726,0.10893352818735533,0.45010226172985407,0.137138537300295,0.14933677915126534,21,2000,20260919,2000,ok,0.05421971275856148,0.4935297467652359,0.013017767672738396,0.29556911271521963
same_uf,1000,MA,income_pc,hemorrhage,112,ok,0.08053152966177074,0.39862660899969804,-0.10661743964056987,0.2621696796943846,0.0996724693384281,0.2957425034816116,21,2000,20260919,2000,ok,-0.09617298552332458,0.22624855543624944,0.5306931235764645,0.4729621423977845
same_uf,1000,MA,income_pc,W,112,ok,0.14531092582057692,0.126338761660647,-0.04136005217022876,0.3221796796868472,0.1432415348344552,0.13188737103783435,21,2000,20260919,2000,ok,-0.022602636679265545,0.2954352128541286,0.24718453368387458,0.29556911271521963
same_uf,1000,MA,illiteracy_10plus,hypertension,112,ok,-0.16365108250423824,0.08468351547828266,-0.3389152214048638,0.02259069078880058,-0.12408433347075928,0.19240509300712197,21,2000,20260919,2000,ok,-0.3906960078732948,0.06096626707854153,0.18865594625069237,0.35339710960491794
same_uf,1000,MA,illiteracy_10plus,hemorrhage,112,ok,0.11657874260102014,0.22091777169317822,-0.07050212467806972,0.2957371730452903,-0.02154810333261054,0.821581323440293,21,2000,20260919,2000,ok,-0.029553572650677644,0.2278257877459745,0.36312072819555946,0.9080787946118554
same_uf,1000,MA,illiteracy_10plus,W,112,ok,0.07744589735898778,0.41700076579068984,-0.10968612605423994,0.259275741879527,-0.03313265242435784,0.7287381132720249,21,2000,20260919,2000,ok,-0.10893024646124165,0.2002552891779048,0.536143841730887,0.8629793446642399
same_uf,1000,MA,sewer_septic,hypertension,112,ok,0.11305183667756188,0.23530051733446505,-0.07405747339634808,0.2924722973680128,-0.008170482477045821,0.9318641826334714,21,2000,20260919,2000,ok,-0.10765629460813675,0.3376829213002214,0.37816154571610455,0.9656495664427706
same_uf,1000,MA,sewer_septic,hemorrhage,112,ok,-0.07572233694431053,0.4274749539333474,-0.25765783490119837,0.11139866948927357,-0.05809771922172548,0.5428790437269404,21,2000,20260919,2000,ok,-0.17355624265725242,0.04039006388595976,0.5418696599155108,0.7122621424640972
same_uf,1000,MA,sewer_septic,W,112,ok,-0.04765009645041757,0.6178445373636973,-0.23116199500661974,0.13913588359166912,-0.09687532032664777,0.309570902555094,21,2000,20260919,2000,ok,-0.1533116080306712,0.06972091759271394,0.722155952762763,0.4803686418958355
same_uf,1000,PB,income_pc,hypertension,51,ok,0.18069107621750322,0.20448512978589023,-0.0998654456798793,0.4346320239582085,-0.024072942832922113,0.8668370458526931,20,2000,20260919,2000,ok,-0.3486308455124969,0.4010986867225372,0.3472388996364174,0.9178274603146162
same_uf,1000,PB,income_pc,hemorrhage,51,ok,0.14162724366243876,0.3215122551208426,-0.13939711867510393,0.4015387931202835,0.10732447319710366,0.4534848283477611,20,2000,20260919,2000,ok,-0.13266974228192888,0.54446982007039,0.46671133807864246,0.6183884022924014
same_uf,1000,PB,income_pc,W,51,ok,0.19113152829079583,0.17909804393004455,-0.0891478006727865,0.4433621075789588,0.11104072398190044,0.43790624625141744,20,2000,20260919,2000,ok,-0.21350726732539468,0.5218128692356232,0.3160553716412551,0.6063317255788857
same_uf,1000,PB,illiteracy_10plus,hypertension,51,ok,-0.2778979783845651,0.04832826762794051,-0.5141090475885608,-0.002506246005505606,-0.2158113858667324,0.12826495756514583,20,2000,20260919,2000,ok,-0.5652716320543678,0.22135358778011358,0.1359232527035827,0.29556911271521963
same_uf,1000,PB,illiteracy_10plus,hemorrhage,51,ok,-0.16293822758660956,0.2532800015536152,-0.4196770900692212,0.11794137878538674,-0.1257275951188915,0.3793411447942067,20,2000,20260919,2000,ok,-0.4349204638920037,0.12708124022376505,0.3930206920659546,0.5506565005077194
same_uf,1000,PB,illiteracy_10plus,W,51,ok,-0.22979091824668174,0.10477302063558346,-0.47527690695497354,0.048888709825741346,-0.2846799563089174,0.04289534599697882,20,2000,20260919,2000,ok,-0.5300644199060671,0.009605533474322504,0.2095460412711669,0.12453487547509981
same_uf,1000,PB,sewer_septic,hypertension,51,ok,-0.127732384550088,0.37172653409060835,-0.38960170192531246,0.15324568155924417,-0.1259757008399533,0.37839377934872814,20,2000,20260919,2000,ok,-0.49472440191503775,0.25891769941528464,0.5146982779716116,0.5506565005077194
same_uf,1000,PB,sewer_septic,hemorrhage,51,ok,0.1571876114462167,0.2706442972031918,-0.1237570076531025,0.41480271778112643,-0.1281262542907446,0.37024140577400605,20,2000,20260919,2000,ok,-0.37093537859888037,0.4331210001291796,0.4006176566679509,0.5506565005077194
same_uf,1000,PB,sewer_septic,W,51,ok,0.12584843620053962,0.37887954944271723,-0.15511489461273034,0.38797639753185176,-0.0865158371040724,0.5460676425558079,20,2000,20260919,2000,ok,-0.4082597800582275,0.35360800026990263,0.5166539310582507,0.7122621424640972
same_uf,1000,PE,income_pc,hypertension,132,ok,0.22063378078289209,0.011016079420491265,0.051710850118214254,0.3772825813680921,0.1939077395083823,0.02589181701402264,18,2000,20260919,2000,ok,0.09611113885502698,0.3945185095952578,0.04506577944746427,0.0896255204331553
same_uf,1000,PE,income_pc,hemorrhage,132,ok,0.3174310825572778,0.00020831895800064974,0.15496391847777094,0.46318050964055896,0.34264151087966727,5.7793599121116115e-05,18,2000,20260919,2000,ok,0.20044381797655325,0.43438586341496654,0.0018748706220058477,0.00104028478418009
same_uf,1000,PE,income_pc,W,132,ok,0.20773569387914753,0.016842136884300394,0.03821991799989073,0.36562963451811903,0.21577016795980236,0.012963357089767775,18,2000,20260919,2000,ok,0.022838280218093233,0.4168051668332851,0.06315801331612647,0.0565019630579405
same_uf,1000,PE,illiteracy_10plus,hypertension,132,ok,-0.14854501898371822,0.08915647599623011,-0.311510620265307,0.022908902258339192,-0.1775918434052429,0.04163082719089484,18,2000,20260919,2000,ok,-0.4412121865995304,0.11873504608802875,0.18865594625069237,0.12453487547509981
same_uf,1000,PE,illiteracy_10plus,hemorrhage,132,ok,-0.3661722073168191,1.5750173399259242e-05,-0.5054210887975814,-0.20833502542681262,-0.3828309195622479,5.887931336510783e-06,18,2000,20260919,2000,ok,-0.5309811758625274,-0.17035019337975177,0.00023625260098888865,0.00025570851430294956
same_uf,1000,PE,illiteracy_10plus,W,132,ok,-0.20338433621069105,0.019336189225948684,-0.3616871448633617,-0.03368245328158097,-0.26722655776905796,0.0019514009734966987,18,2000,20260919,2000,ok,-0.504336850152113,0.055869477085270354,0.06693296270520699,0.013659574834035602
same_uf,1000,PE,sewer_septic,hypertension,132,ok,0.23422851616716367,0.006867600751258471,0.06599750568132148,0.38951146331362907,0.17735699415088724,0.04190582130543625,18,2000,20260919,2000,ok,0.026241358477548795,0.38815748094396585,0.034338003756292354,0.12453487547509981
same_uf,1000,PE,sewer_septic,hemorrhage,132,ok,-0.06442320674214895,0.463016233927374,-0.23273368107676987,0.10763408725991465,-0.0701131698984538,0.4243709525338691,18,2000,20260919,2000,ok,-0.25098233533167513,0.13606948213643086,0.5787702924092175,0.5967716520007534
same_uf,1000,PE,sewer_septic,W,132,ok,0.10702783956503364,0.2219071116750641,-0.06503395011195826,0.2729092867333367,0.09863138067236096,0.26052284168925294,18,2000,20260919,2000,ok,-0.0673977868829461,0.31209522898840447,0.36312072819555946,0.43420473614875493
same_uf,1000,PI,income_pc,hypertension,43,ok,0.20038319361066487,0.1976086866082553,-0.10636193955675338,0.4723020906277753,0.030504379341588644,0.8460338829185612,14,2000,20260919,2000,ok,-0.2039228057529314,0.45143402236013935,0.34201503451428805,0.9080787946118554
same_uf,1000,PI,income_pc,hemorrhage,43,ok,0.11119787220462926,0.4777705999559174,-0.1956812732176922,0.39824142592424966,-0.11310782241014798,0.4701934283055444,14,2000,20260919,2000,ok,-0.25178870907654044,0.3964675542754323,0.5890322465209941,0.6316031126492387
same_uf,1000,PI,income_pc,W,43,ok,0.17310161185344522,0.26697296576888113,-0.13422036674915772,0.45004750029322643,-0.030202355783751137,0.8475402083043984,14,2000,20260919,2000,ok,-0.1992535848831823,0.4330009295569,0.4006176566679509,0.9080787946118554
same_uf,1000,PI,illiteracy_10plus,hypertension,43,ok,-0.12801416722978634,0.4133098545013163,-0.41249818676007927,0.1792204081471941,-0.06819984377847993,0.6638929434945774,14,2000,20260919,2000,ok,-0.4554058253271798,0.26750181587222005,0.536143841730887,0.8074373637096212
same_uf,1000,PI,illiteracy_10plus,hemorrhage,43,ok,0.012159601575791913,0.9383140556834741,-0.28924058375019873,0.31136633339257236,0.15127828027496712,0.33286716447277537,14,2000,20260919,2000,ok,-0.3435209871527014,0.3609177802799056,0.9706697127760078,0.5077634712296574
same_uf,1000,PI,illiteracy_10plus,W,43,ok,-0.06705306320297501,0.6692182476802475,-0.36014399288746235,0.23808559778213043,0.03723424472069834,0.8126190321924017,14,2000,20260919,2000,ok,-0.4085728430154972,0.3190414960863136,0.7573655169444805,0.9080787946118554
same_uf,1000,PI,sewer_septic,hypertension,43,ok,0.2980643748239992,0.05221889247605651,-0.0025036141024152346,0.5492393386555048,0.22772576260948355,0.1419223183501598,14,2000,20260919,2000,ok,-0.008637710644858446,0.5824480299767384,0.138226480083679,0.29556911271521963
same_uf,1000,PI,sewer_septic,hemorrhage,43,ok,0.2142514135309313,0.16770296554152578,-0.09201342834329634,0.48348354499574214,0.19676834793113862,0.2059854090276655,14,2000,20260919,2000,ok,-0.16568067046630322,0.5019345226613848,0.3018653379747464,0.36178536000526784
same_uf,1000,PI,sewer_septic,W,43,ok,0.2886150113227532,0.06052241334431762,-0.012842046234116302,0.5419781734347352,0.245998187858653,0.11180586517584942,14,2000,20260919,2000,ok,-0.0665057419595572,0.6119902086361937,0.15562906288538816,0.28801968183033194
same_uf,1000,RN,income_pc,hypertension,36,ok,0.10194399417922657,0.5541037354652859,-0.2344437928163399,0.41652923287643157,-0.035263835263835266,0.8382134487393156,17,2000,20260919,2000,ok,-0.4119979872934205,0.27834307685808396,0.664924482558343,0.9080787946118554
same_uf,1000,RN,income_pc,hemorrhage,36,ok,-0.11313019627050726,0.5112195661856698,-0.4258386558308681,0.22372063650695945,-0.4133848133848135,0.012210662133878645,17,2000,20260919,2000,ok,-0.398543638078408,-0.06029507357318766,0.6217535264420309,0.0565019630579405
same_uf,1000,RN,income_pc,W,36,ok,-0.032697253778235714,0.8498496132483109,-0.3573937903067024,0.2990509542505271,-0.03346203346203346,0.8463789316546749,17,2000,20260919,2000,ok,-0.34840295029925433,0.21460276465434322,0.8893775022366045,0.9080787946118554
same_uf,1000,RN,illiteracy_10plus,hypertension,36,ok,-0.14434109006851234,0.40096813781332874,-0.45146768566245377,0.1933642121372454,-0.011584502605941491,0.9465370073079268,17,2000,20260919,2000,ok,-0.3604538838322231,0.39436207898884224,0.5306931235764645,0.9656495664427706
same_uf,1000,RN,illiteracy_10plus,hemorrhage,36,ok,0.28660198573418644,0.09013561876421969,-0.04629261867455754,0.5622014045249043,0.4689149221493873,0.003917110263812061,17,2000,20260919,2000,ok,0.11547400183758469,0.5422347129033738,0.18865594625069237,0.02073764257312268
same_uf,1000,RN,illiteracy_10plus,W,36,ok,0.15600312543290407,0.363579711430126,-0.18185305475768795,0.4609157328153612,0.09718110519428695,0.5728590193481335,17,2000,20260919,2000,ok,-0.2806276011376777,0.45967701819376855,0.5112839691986147,0.7365330248761718
same_uf,1000,RN,sewer_septic,hypertension,36,ok,0.250218452444721,0.14105971818113938,-0.08533206825761434,0.5347912955077221,0.3127413127413128,0.06329472276439664,17,2000,20260919,2000,ok,-0.10524742186535656,0.5527452703189814,0.27011435396388395,0.17801640777486555
same_uf,1000,RN,sewer_septic,hemorrhage,36,ok,-0.16812518363116852,0.32701178696245176,-0.4706637477042971,0.16978886455524908,-0.08931788931788934,0.6044362243164668,17,2000,20260919,2000,ok,-0.35952317658484034,0.12274662523213423,0.46715969566064536,0.7661867632180566
same_uf,1000,RN,sewer_septic,W,36,ok,-0.0040603358642576776,0.9812496053825467,-0.3321529932144188,0.3249088192353559,0.2442728442728443,0.15106865761000113,17,2000,20260919,2000,ok,-0.269193331189834,0.4202304684528687,0.9872734971125187,0.29556911271521963
same_uf,1000,SE,income_pc,hypertension,39,ok,0.33695471139070027,0.035940864466656036,0.02398793664511046,0.589770352921079,0.5631578947368421,0.0001896237857012555,13,2000,20260919,2000,ok,0.18270614404086669,0.5760215055806666,0.10782259339996811,0.0028443567855188324
same_uf,1000,SE,income_pc,hemorrhage,39,ok,0.4894407562153976,0.001565822741402218,0.20568736856637154,0.6972791473654824,0.17044534412955467,0.2995426901852635,13,2000,20260919,2000,ok,-0.1929968752602582,0.6849584201828951,0.01084031128663074,0.4729621423977845
same_uf,1000,SE,income_pc,W,39,ok,0.5256385366734969,0.0005895908994170917,0.2518982938344716,0.7214968373287134,0.48421052631578954,0.001787655140284411,13,2000,20260919,2000,ok,-0.0899184978745826,0.6921810372927019,0.004823925540685296,0.013659574834035602
same_uf,1000,SE,illiteracy_10plus,hypertension,39,ok,-0.29568717157263025,0.06761047568464597,-0.5590481885060071,0.021870250287674656,-0.39356049653926767,0.013183791380186117,13,2000,20260919,2000,ok,-0.7488390005408126,0.08406019509351613,0.16445791382751723,0.0565019630579405
same_uf,1000,SE,illiteracy_10plus,hemorrhage,39,ok,-0.7935318140469836,1.688151838832647e-09,-0.8869745481340852,-0.6376699969366231,-0.47395335330597166,0.0023043409619591484,13,2000,20260919,2000,ok,-0.9221398774617965,-0.2050702662455212,7.596683274746912e-08,0.014813620469737384
same_uf,1000,SE,illiteracy_10plus,W,39,ok,-0.8218853015241299,1.4206144794088534e-10,-0.9031885560293328,-0.6836521145954961,-0.6650129511885542,3.8744965489459695e-06,13,2000,20260919,2000,ok,-0.930391877950934,-0.2968057618078713,1.278553031467968e-08,0.00025570851430294956
same_uf,1000,SE,sewer_septic,hypertension,39,ok,0.04841501383784086,0.7697620502436895,-0.2712455194662569,0.3584563706853008,-0.03481781376518219,0.8333348676538049,13,2000,20260919,2000,ok,-0.4026672345017678,0.41332808903756785,0.8552911669374328,0.9080787946118554
same_uf,1000,SE,sewer_septic,hemorrhage,39,ok,0.4312251686162518,0.006129032284295655,0.13393056142698798,0.6573094264895843,0.24655870445344133,0.1302463709321269,13,2000,20260919,2000,ok,-0.10981355624331392,0.7051327146853285,0.03244781797568288,0.29556911271521963
same_uf,1000,SE,sewer_septic,W,39,ok,0.41455551850772115,0.008692798858530675,0.11394200588110454,0.645625220376886,0.1736842105263158,0.29031507485992236,13,2000,20260919,2000,ok,-0.18678225669966086,0.7159680765982875,0.03911759486338804,0.4729621423977845
