territory,diagnosis,outcome,cases,care,percent_of_outcome
AL,O149,W,2712,any_uf,30.519918973666442
AL,O141,W,1990,any_uf,22.39477830294846
AL,O031,W,703,any_uf,7.911321179383299
AL,O85,W,644,any_uf,7.247355390501913
AL,O140,W,418,any_uf,4.704028809363043
AL,O459,W,389,any_uf,4.377672743641684
AL,O860,W,349,any_uf,3.927526446094981
AL,O150,W,269,any_uf,3.0272338510015757
AL,O441,W,261,any_uf,2.937204591492235
AL,O061,W,195,any_uf,2.1944632005401754
AL,O450,W,172,any_uf,1.9356290794508215
AL,O722,W,105,any_uf,1.1816340310600946
AL,O11,W,69,any_uf,0.7765023632680621
AL,O030,W,68,any_uf,0.7652487058293945
AL,O868,W,51,any_uf,0.5739365293720459
AL,O411,W,46,any_uf,0.5176682421787081
AL,O152,W,45,any_uf,0.5064145847400405
AL,O151,W,41,any_uf,0.46139995498537023
AL,O900,W,41,any_uf,0.46139995498537023
AL,O721,W,40,any_uf,0.45014629754670266
AL,O468,W,38,any_uf,0.42763898266936756
AL,O458,W,31,any_uf,0.3488633805986946
AL,O035,W,30,any_uf,0.337609723160027
AL,O159,W,30,any_uf,0.337609723160027
AL,O051,W,19,any_uf,0.21381949133468378
AL,O040,W,17,any_uf,0.19131217645734863
AL,O060,W,14,any_uf,0.15755120414134594
AL,O050,W,12,any_uf,0.1350438892640108
AL,O041,W,11,any_uf,0.12379023182534324
AL,O720,W,11,any_uf,0.12379023182534324
AL,O036,W,10,any_uf,0.11253657438667566
AL,O711,W,10,any_uf,0.11253657438667566
AL,O469,W,9,any_uf,0.1012829169480081
AL,O080,W,7,any_uf,0.07877560207067297
AL,O081,W,6,any_uf,0.0675219446320054
AL,O670,W,5,any_uf,0.05626828719333783
AL,O710,W,5,any_uf,0.05626828719333783
AL,O083,W,4,any_uf,0.04501462975467027
AL,O065,W,2,any_uf,0.022507314877335136
AL,O460,W,2,any_uf,0.022507314877335136
AL,O694,W,2,any_uf,0.022507314877335136
AL,O055,W,1,any_uf,0.011253657438667568
AL,O066,W,1,any_uf,0.011253657438667568
AL,O753,W,1,any_uf,0.011253657438667568
AL,O031,hemorrhage,703,any_uf,34.975124378109456
AL,O459,hemorrhage,389,any_uf,19.35323383084577
AL,O441,hemorrhage,261,any_uf,12.985074626865671
AL,O061,hemorrhage,195,any_uf,9.701492537313433
AL,O450,hemorrhage,172,any_uf,8.557213930348258
AL,O722,hemorrhage,105,any_uf,5.223880597014926
AL,O721,hemorrhage,40,any_uf,1.9900497512437811
AL,O468,hemorrhage,38,any_uf,1.890547263681592
AL,O458,hemorrhage,31,any_uf,1.5422885572139304
AL,O051,hemorrhage,19,any_uf,0.945273631840796
AL,O041,hemorrhage,11,any_uf,0.5472636815920398
AL,O720,hemorrhage,11,any_uf,0.5472636815920398
AL,O036,hemorrhage,10,any_uf,0.4975124378109453
AL,O469,hemorrhage,9,any_uf,0.44776119402985076
AL,O081,hemorrhage,6,any_uf,0.29850746268656714
AL,O670,hemorrhage,5,any_uf,0.24875621890547264
AL,O460,hemorrhage,2,any_uf,0.09950248756218906
AL,O694,hemorrhage,2,any_uf,0.09950248756218906
AL,O066,hemorrhage,1,any_uf,0.04975124378109453
AL,O149,hypertension,2712,any_uf,48.65446716899892
AL,O141,hypertension,1990,any_uf,35.70147111589523
AL,O140,hypertension,418,any_uf,7.499102978112666
AL,O150,hypertension,269,any_uf,4.825977753857194
AL,O11,hypertension,69,any_uf,1.2378902045209903
AL,O152,hypertension,45,any_uf,0.8073196986006459
AL,O151,hypertension,41,any_uf,0.7355579476139218
AL,O159,hypertension,30,any_uf,0.5382131324004306
BA,O141,W,6517,any_uf,20.209005209625403
BA,O140,W,3525,any_uf,10.930910444058545
BA,O149,W,2881,any_uf,8.933887372860333
BA,O031,W,2720,any_uf,8.43463160506078
BA,O459,W,2603,any_uf,8.071818407343091
BA,O030,W,2441,any_uf,7.569461672041677
BA,O85,W,2264,any_uf,7.0205904242123545
BA,O860,W,1591,any_uf,4.933639295460184
BA,O055,W,1191,any_uf,3.6932522947159514
BA,O150,W,912,any_uf,2.8280823616968496
BA,O060,W,550,any_uf,1.7055321260233194
BA,O151,W,539,any_uf,1.671421483502853
BA,O159,W,492,any_uf,1.5256760109154055
BA,O868,W,426,any_uf,1.3210121557926073
BA,O441,W,413,any_uf,1.2806995782684198
BA,O458,W,389,any_uf,1.2062763582237659
BA,O061,W,315,any_uf,0.9768047630860829
BA,O450,W,293,any_uf,0.90858347804515
BA,O721,W,247,any_uf,0.7659389729595634
BA,O035,W,244,any_uf,0.7566360704539816
BA,O411,W,185,any_uf,0.5736789878442073
BA,O036,W,178,any_uf,0.5519722153311833
BA,O722,W,163,any_uf,0.5054577028032746
BA,O051,W,157,any_uf,0.48685189779211113
BA,O900,W,131,any_uf,0.40622674274373605
BA,O720,W,118,any_uf,0.3659141652195485
BA,O040,W,108,any_uf,0.3349044902009427
BA,O041,W,83,any_uf,0.2573803026544282
BA,O152,W,80,any_uf,0.24807740014884644
BA,O050,W,76,any_uf,0.23567353014140413
BA,O11,W,63,any_uf,0.19536095261721656
BA,O711,W,54,any_uf,0.16745224510047135
BA,O066,W,50,any_uf,0.15504837509302902
BA,O710,W,38,any_uf,0.11783676507070207
BA,O081,W,34,any_uf,0.10543289506325974
BA,O080,W,28,any_uf,0.08682709005209625
BA,O469,W,20,any_uf,0.06201935003721161
BA,O045,W,19,any_uf,0.05891838253535103
BA,O065,W,19,any_uf,0.05891838253535103
BA,O056,W,18,any_uf,0.05581741503349045
BA,O694,W,18,any_uf,0.05581741503349045
BA,O468,W,16,any_uf,0.04961548002976929
BA,O046,W,13,any_uf,0.04031257752418755
BA,O670,W,13,any_uf,0.04031257752418755
BA,O083,W,6,any_uf,0.018605805011163483
BA,O460,W,5,any_uf,0.015504837509302902
BA,O075,W,1,any_uf,0.0031009675018605805
BA,O883,W,1,any_uf,0.0031009675018605805
BA,O031,hemorrhage,2720,any_uf,34.579201627256545
BA,O459,hemorrhage,2603,any_uf,33.091787439613526
BA,O441,hemorrhage,413,any_uf,5.250444952962115
BA,O458,hemorrhage,389,any_uf,4.945334350368675
BA,O061,hemorrhage,315,any_uf,4.004576659038902
BA,O450,hemorrhage,293,any_uf,3.7248919399949147
BA,O721,hemorrhage,247,any_uf,3.140096618357488
BA,O036,hemorrhage,178,any_uf,2.2629036359013477
BA,O722,hemorrhage,163,any_uf,2.0722095092804476
BA,O051,hemorrhage,157,any_uf,1.9959318586320876
BA,O720,hemorrhage,118,any_uf,1.5001271294177472
BA,O041,hemorrhage,83,any_uf,1.0551741673023138
BA,O066,hemorrhage,50,any_uf,0.6356470887363336
BA,O081,hemorrhage,34,any_uf,0.43224002034070685
BA,O469,hemorrhage,20,any_uf,0.25425883549453343
BA,O056,hemorrhage,18,any_uf,0.2288329519450801
BA,O694,hemorrhage,18,any_uf,0.2288329519450801
BA,O468,hemorrhage,16,any_uf,0.20340706839562675
BA,O046,hemorrhage,13,any_uf,0.16526824307144675
BA,O670,hemorrhage,13,any_uf,0.16526824307144675
BA,O460,hemorrhage,5,any_uf,0.06356470887363336
BA,O141,hypertension,6517,any_uf,43.42061429808781
BA,O140,hypertension,3525,any_uf,23.485908454927042
BA,O149,hypertension,2881,any_uf,19.195149576920514
BA,O150,hypertension,912,any_uf,6.0763541874875076
BA,O151,hypertension,539,any_uf,3.591178626157639
BA,O159,hypertension,492,any_uf,3.2780331800919447
BA,O152,hypertension,80,any_uf,0.5330135252182024
BA,O11,hypertension,63,any_uf,0.4197481511093344
CE,O141,W,13801,any_uf,58.30833579787908
CE,O149,W,2293,any_uf,9.687777261396764
CE,O140,W,1423,any_uf,6.012083315729435
CE,O459,W,1137,any_uf,4.803751742785923
CE,O860,W,1105,any_uf,4.66855380455448
CE,O85,W,907,any_uf,3.8320165617474333
CE,O441,W,505,any_uf,2.1335924627149434
CE,O150,W,459,any_uf,1.9392454265072459
CE,O868,W,326,any_uf,1.377328995732815
CE,O151,W,298,any_uf,1.2590307997803034
CE,O458,W,269,any_uf,1.136507668258059
CE,O060,W,182,any_uf,0.7689382736913262
CE,O031,W,140,any_uf,0.5914909797625586
CE,O030,W,119,any_uf,0.5027673327981749
CE,O721,W,119,any_uf,0.5027673327981749
CE,O450,W,100,any_uf,0.42249355697325613
CE,O061,W,84,any_uf,0.3548945878575352
CE,O152,W,56,any_uf,0.23659639190502346
CE,O900,W,55,any_uf,0.23237145633529088
CE,O159,W,47,any_uf,0.19857197177743038
CE,O722,W,41,any_uf,0.17322235835903502
CE,O035,W,27,any_uf,0.11407326038277917
CE,O036,W,21,any_uf,0.0887236469643838
CE,O469,W,20,any_uf,0.08449871139465123
CE,O11,W,16,any_uf,0.06759896911572098
CE,O041,W,12,any_uf,0.05069922683679074
CE,O050,W,12,any_uf,0.05069922683679074
CE,O711,W,12,any_uf,0.05069922683679074
CE,O411,W,11,any_uf,0.046474291267058175
CE,O710,W,10,any_uf,0.042249355697325616
CE,O720,W,9,any_uf,0.03802442012759306
CE,O080,W,8,any_uf,0.03379948455786049
CE,O066,W,7,any_uf,0.029574548988127933
CE,O040,W,5,any_uf,0.021124677848662808
CE,O065,W,5,any_uf,0.021124677848662808
CE,O694,W,5,any_uf,0.021124677848662808
CE,O051,W,4,any_uf,0.016899742278930246
CE,O055,W,4,any_uf,0.016899742278930246
CE,O046,W,3,any_uf,0.012674806709197685
CE,O056,W,2,any_uf,0.008449871139465123
CE,O081,W,2,any_uf,0.008449871139465123
CE,O753,W,2,any_uf,0.008449871139465123
CE,O045,W,1,any_uf,0.0042249355697325615
CE,O083,W,1,any_uf,0.0042249355697325615
CE,O460,W,1,any_uf,0.0042249355697325615
CE,O468,W,1,any_uf,0.0042249355697325615
CE,O670,W,1,any_uf,0.0042249355697325615
CE,O883,W,1,any_uf,0.0042249355697325615
CE,O459,hemorrhage,1137,any_uf,45.79138139347563
CE,O441,hemorrhage,505,any_uf,20.338300443012486
CE,O458,hemorrhage,269,any_uf,10.833668948852194
CE,O031,hemorrhage,140,any_uf,5.638340716874748
CE,O721,hemorrhage,119,any_uf,4.792589609343536
CE,O450,hemorrhage,100,any_uf,4.027386226339106
CE,O061,hemorrhage,84,any_uf,3.383004430124849
CE,O722,hemorrhage,41,any_uf,1.6512283527990335
CE,O036,hemorrhage,21,any_uf,0.8457511075312123
CE,O469,hemorrhage,20,any_uf,0.8054772452678212
CE,O041,hemorrhage,12,any_uf,0.4832863471606927
CE,O720,hemorrhage,9,any_uf,0.36246476037051956
CE,O066,hemorrhage,7,any_uf,0.2819170358437374
CE,O694,hemorrhage,5,any_uf,0.2013693113169553
CE,O051,hemorrhage,4,any_uf,0.16109544905356424
CE,O046,hemorrhage,3,any_uf,0.12082158679017317
CE,O056,hemorrhage,2,any_uf,0.08054772452678212
CE,O081,hemorrhage,2,any_uf,0.08054772452678212
CE,O460,hemorrhage,1,any_uf,0.04027386226339106
CE,O468,hemorrhage,1,any_uf,0.04027386226339106
CE,O670,hemorrhage,1,any_uf,0.04027386226339106
CE,O141,hypertension,13801,any_uf,75.03398031859946
CE,O149,hypertension,2293,any_uf,12.466699287772522
CE,O140,hypertension,1423,any_uf,7.736638938726689
CE,O150,hypertension,459,any_uf,2.4955145979448705
CE,O151,hypertension,298,any_uf,1.6201815908225956
CE,O152,hypertension,56,any_uf,0.304463654651226
CE,O159,hypertension,47,any_uf,0.25553199586799324
CE,O11,hypertension,16,any_uf,0.086989615614636
MA,O458,W,2312,any_uf,19.69335604770017
MA,O141,W,2111,any_uf,17.981260647359456
MA,O85,W,1160,any_uf,9.880749574105621
MA,O140,W,968,any_uf,8.245315161839864
MA,O061,W,817,any_uf,6.959114139693356
MA,O459,W,754,any_uf,6.4224872231686545
MA,O150,W,610,any_uf,5.195911413969336
MA,O860,W,516,any_uf,4.395229982964225
MA,O031,W,473,any_uf,4.0289608177172065
MA,O149,W,424,any_uf,3.6115843270868826
MA,O450,W,254,any_uf,2.163543441226576
MA,O151,W,233,any_uf,1.9846678023850086
MA,O868,W,190,any_uf,1.6183986371379897
MA,O441,W,182,any_uf,1.5502555366269166
MA,O030,W,127,any_uf,1.081771720613288
MA,O041,W,83,any_uf,0.706984667802385
MA,O035,W,66,any_uf,0.5621805792163543
MA,O060,W,62,any_uf,0.5281090289608177
MA,O159,W,49,any_uf,0.41737649063032367
MA,O152,W,40,any_uf,0.34071550255536626
MA,O721,W,40,any_uf,0.34071550255536626
MA,O036,W,39,any_uf,0.3321976149914821
MA,O11,W,36,any_uf,0.30664395229982966
MA,O051,W,24,any_uf,0.20442930153321975
MA,O900,W,24,any_uf,0.20442930153321975
MA,O066,W,22,any_uf,0.18739352640545145
MA,O081,W,18,any_uf,0.15332197614991483
MA,O055,W,17,any_uf,0.14480408858603067
MA,O080,W,15,any_uf,0.12776831345826234
MA,O711,W,11,any_uf,0.09369676320272573
MA,O710,W,9,any_uf,0.07666098807495741
MA,O065,W,7,any_uf,0.059625212947189095
MA,O411,W,7,any_uf,0.059625212947189095
MA,O050,W,6,any_uf,0.05110732538330494
MA,O083,W,6,any_uf,0.05110732538330494
MA,O468,W,6,any_uf,0.05110732538330494
MA,O040,W,5,any_uf,0.04258943781942078
MA,O046,W,5,any_uf,0.04258943781942078
MA,O722,W,5,any_uf,0.04258943781942078
MA,O720,W,3,any_uf,0.02555366269165247
MA,O045,W,1,any_uf,0.008517887563884156
MA,O056,W,1,any_uf,0.008517887563884156
MA,O460,W,1,any_uf,0.008517887563884156
MA,O469,W,1,any_uf,0.008517887563884156
MA,O458,hemorrhage,2312,any_uf,45.87301587301587
MA,O061,hemorrhage,817,any_uf,16.21031746031746
MA,O459,hemorrhage,754,any_uf,14.96031746031746
MA,O031,hemorrhage,473,any_uf,9.384920634920634
MA,O450,hemorrhage,254,any_uf,5.0396825396825395
MA,O441,hemorrhage,182,any_uf,3.611111111111111
MA,O041,hemorrhage,83,any_uf,1.6468253968253967
MA,O721,hemorrhage,40,any_uf,0.7936507936507936
MA,O036,hemorrhage,39,any_uf,0.7738095238095238
MA,O051,hemorrhage,24,any_uf,0.47619047619047616
MA,O066,hemorrhage,22,any_uf,0.4365079365079365
MA,O081,hemorrhage,18,any_uf,0.35714285714285715
MA,O468,hemorrhage,6,any_uf,0.11904761904761904
MA,O046,hemorrhage,5,any_uf,0.0992063492063492
MA,O722,hemorrhage,5,any_uf,0.0992063492063492
MA,O720,hemorrhage,3,any_uf,0.05952380952380952
MA,O056,hemorrhage,1,any_uf,0.01984126984126984
MA,O460,hemorrhage,1,any_uf,0.01984126984126984
MA,O469,hemorrhage,1,any_uf,0.01984126984126984
MA,O141,hypertension,2111,any_uf,47.21538805636323
MA,O140,hypertension,968,any_uf,21.650637441288303
MA,O150,hypertension,610,any_uf,13.643480205770521
MA,O149,hypertension,424,any_uf,9.483337061060165
MA,O151,hypertension,233,any_uf,5.211362111384478
MA,O159,hypertension,49,any_uf,1.095951688660255
MA,O152,hypertension,40,any_uf,0.8946544397226571
MA,O11,hypertension,36,any_uf,0.8051889957503914
NE,O141,W,41827,any_uf,29.76608145517688
NE,O031,W,14342,any_uf,10.206448949964061
NE,O149,W,13233,any_uf,9.417231833417546
NE,O140,W,8891,any_uf,6.327258235541101
NE,O85,W,8262,any_uf,5.87963193589479
NE,O061,W,7973,any_uf,5.673965798219458
NE,O150,W,7049,any_uf,5.016403475686562
NE,O459,W,6530,any_uf,4.647058404913214
NE,O860,W,5717,any_uf,4.068488958788492
NE,O441,W,3909,any_uf,2.78183021513105
NE,O458,W,3388,any_uf,2.411061849287285
NE,O030,W,3149,any_uf,2.240978088372391
NE,O868,W,2485,any_uf,1.768444124993773
NE,O151,W,1592,any_uf,1.1329428760523488
NE,O450,W,1329,any_uf,0.9457795742924444
NE,O055,W,1223,any_uf,0.8703449355603157
NE,O060,W,1087,any_uf,0.773560870771924
NE,O411,W,886,any_uf,0.6305197161949629
NE,O721,W,809,any_uf,0.5757228559838883
NE,O159,W,803,any_uf,0.5714529707726357
NE,O041,W,728,any_uf,0.5180794056319786
NE,O694,W,671,any_uf,0.47751549612507915
NE,O035,W,556,any_uf,0.39567602957607156
NE,O900,W,533,any_uf,0.37930813626627
NE,O722,W,477,any_uf,0.3394558742945794
NE,O080,W,376,any_uf,0.26757947323849446
NE,O152,W,347,any_uf,0.24694169471744035
NE,O036,W,306,any_uf,0.21776414577388112
NE,O11,W,272,any_uf,0.1935681295767832
NE,O081,W,260,any_uf,0.18502835915427807
NE,O051,W,239,any_uf,0.17008376091489408
NE,O711,W,223,any_uf,0.15869740035155389
NE,O040,W,181,any_uf,0.12880820387278588
NE,O720,W,164,any_uf,0.11671019577423694
NE,O050,W,158,any_uf,0.11244031056298437
NE,O710,W,102,any_uf,0.07258804859129371
NE,O066,W,91,any_uf,0.06475992570399733
NE,O469,W,73,any_uf,0.05195027007023961
NE,O468,W,67,any_uf,0.04768038485898704
NE,O065,W,47,any_uf,0.03344743415481181
NE,O056,W,35,any_uf,0.024907663732306663
NE,O083,W,32,any_uf,0.022772721126680377
NE,O670,W,29,any_uf,0.02063777852105409
NE,O046,W,26,any_uf,0.018502835915427805
NE,O045,W,25,any_uf,0.017791188380219047
NE,O460,W,9,any_uf,0.006404827816878856
NE,O753,W,3,any_uf,0.0021349426056262856
NE,O883,W,2,any_uf,0.0014232950704175236
NE,O075,W,1,any_uf,0.0007116475352087618
NE,O076,W,1,any_uf,0.0007116475352087618
NE,O082,W,1,any_uf,0.0007116475352087618
NE,O031,hemorrhage,14342,any_uf,34.59571593979159
NE,O061,hemorrhage,7973,any_uf,19.232439212659205
NE,O459,hemorrhage,6530,any_uf,15.75164029332304
NE,O441,hemorrhage,3909,any_uf,9.42927441142416
NE,O458,hemorrhage,3388,any_uf,8.172520262446932
NE,O450,hemorrhage,1329,any_uf,3.2058085681204167
NE,O721,hemorrhage,809,any_uf,1.951466615206484
NE,O041,hemorrhage,728,any_uf,1.7560787340795059
NE,O694,hemorrhage,671,any_uf,1.6185835584716326
NE,O722,hemorrhage,477,any_uf,1.1506175221922037
NE,O036,hemorrhage,306,any_uf,0.7381319953685835
NE,O081,hemorrhage,260,any_uf,0.6271709764569664
NE,O051,hemorrhage,239,any_uf,0.5765148591277499
NE,O720,hemorrhage,164,any_uf,0.3956001543805481
NE,O066,hemorrhage,91,any_uf,0.21950984175993823
NE,O469,hemorrhage,73,any_uf,0.1760903126206098
NE,O468,hemorrhage,67,any_uf,0.16161713624083365
NE,O056,hemorrhage,35,any_uf,0.08442686221536086
NE,O670,hemorrhage,29,any_uf,0.06995368583558471
NE,O046,hemorrhage,26,any_uf,0.06271709764569665
NE,O460,hemorrhage,9,any_uf,0.02170976456966422
NE,O076,hemorrhage,1,any_uf,0.002412196063296025
NE,O141,hypertension,41827,any_uf,56.512281460264276
NE,O149,hypertension,13233,any_uf,17.879049909476585
NE,O140,hypertension,8891,any_uf,12.012592212284163
NE,O150,hypertension,7049,any_uf,9.52387386170184
NE,O151,hypertension,1592,any_uf,2.150944415921312
NE,O159,hypertension,803,any_uf,1.0849298781311645
NE,O152,hypertension,347,any_uf,0.468830221309482
NE,O11,hypertension,272,any_uf,0.367498040911179
PB,O150,W,2453,any_uf,25.704705019385937
PB,O441,W,2215,any_uf,23.21073037828775
PB,O141,W,1674,any_uf,17.541653568060358
PB,O031,W,875,any_uf,9.16902441580216
PB,O85,W,432,any_uf,4.526878340144608
PB,O450,W,314,any_uf,3.290369904642146
PB,O140,W,261,any_uf,2.734988997170701
PB,O081,W,169,any_uf,1.7709315728806454
PB,O860,W,164,any_uf,1.7185371476474902
PB,O149,W,162,any_uf,1.6975793775542283
PB,O900,W,147,any_uf,1.5403961018547627
PB,O459,W,146,any_uf,1.5299172168081316
PB,O060,W,108,any_uf,1.131719585036152
PB,O151,W,102,any_uf,1.0688462747563658
PB,O458,W,70,any_uf,0.7335219532641727
PB,O868,W,59,any_uf,0.6182542177512312
PB,O030,W,45,any_uf,0.4715498270983967
PB,O411,W,35,any_uf,0.36676097663208634
PB,O722,W,16,any_uf,0.1676621607460966
PB,O721,W,15,any_uf,0.15718327569946558
PB,O11,W,13,any_uf,0.1362255056062035
PB,O159,W,13,any_uf,0.1362255056062035
PB,O080,W,11,any_uf,0.11526773551294142
PB,O694,W,9,any_uf,0.09430996541967934
PB,O035,W,5,any_uf,0.05239442523315519
PB,O036,W,5,any_uf,0.05239442523315519
PB,O711,W,5,any_uf,0.05239442523315519
PB,O152,W,3,any_uf,0.03143665513989312
PB,O041,W,2,any_uf,0.020957770093262076
PB,O051,W,2,any_uf,0.020957770093262076
PB,O083,W,2,any_uf,0.020957770093262076
PB,O468,W,2,any_uf,0.020957770093262076
PB,O710,W,2,any_uf,0.020957770093262076
PB,O720,W,2,any_uf,0.020957770093262076
PB,O040,W,1,any_uf,0.010478885046631038
PB,O045,W,1,any_uf,0.010478885046631038
PB,O050,W,1,any_uf,0.010478885046631038
PB,O056,W,1,any_uf,0.010478885046631038
PB,O061,W,1,any_uf,0.010478885046631038
PB,O441,hemorrhage,2215,any_uf,57.62226847034339
PB,O031,hemorrhage,875,any_uf,22.762747138397504
PB,O450,hemorrhage,314,any_uf,8.168574401664932
PB,O081,hemorrhage,169,any_uf,4.396462018730489
PB,O459,hemorrhage,146,any_uf,3.7981269510926117
PB,O458,hemorrhage,70,any_uf,1.8210197710718001
PB,O722,hemorrhage,16,any_uf,0.4162330905306972
PB,O721,hemorrhage,15,any_uf,0.39021852237252863
PB,O694,hemorrhage,9,any_uf,0.23413111342351717
PB,O036,hemorrhage,5,any_uf,0.13007284079084286
PB,O041,hemorrhage,2,any_uf,0.05202913631633715
PB,O051,hemorrhage,2,any_uf,0.05202913631633715
PB,O468,hemorrhage,2,any_uf,0.05202913631633715
PB,O720,hemorrhage,2,any_uf,0.05202913631633715
PB,O056,hemorrhage,1,any_uf,0.026014568158168574
PB,O061,hemorrhage,1,any_uf,0.026014568158168574
PB,O150,hypertension,2453,any_uf,52.40333262123478
PB,O141,hypertension,1674,any_uf,35.76158940397351
PB,O140,hypertension,261,any_uf,5.575731681264687
PB,O149,hypertension,162,any_uf,3.4607989745780814
PB,O151,hypertension,102,any_uf,2.1790215765861993
PB,O11,hypertension,13,any_uf,0.27771843623157444
PB,O159,hypertension,13,any_uf,0.27771843623157444
PB,O152,hypertension,3,any_uf,0.0640888698995941
PE,O141,W,6104,any_uf,38.13093453273363
PE,O85,W,1668,any_uf,10.419790104947527
PE,O150,W,1427,any_uf,8.914292853573214
PE,O868,W,1312,any_uf,8.195902048975512
PE,O860,W,908,any_uf,5.6721639180409795
PE,O149,W,773,any_uf,4.828835582208896
PE,O411,W,593,any_uf,3.7043978010994505
PE,O140,W,501,any_uf,3.129685157421289
PE,O061,W,408,any_uf,2.548725637181409
PE,O031,W,365,any_uf,2.2801099450274864
PE,O080,W,291,any_uf,1.81784107946027
PE,O459,W,287,any_uf,1.7928535732133932
PE,O035,W,148,any_uf,0.9245377311344328
PE,O441,W,139,any_uf,0.8683158420789605
PE,O030,W,135,any_uf,0.843328335832084
PE,O151,W,119,any_uf,0.7433783108445777
PE,O721,W,103,any_uf,0.6434282858570715
PE,O722,W,96,any_uf,0.5997001499250375
PE,O458,W,89,any_uf,0.5559720139930034
PE,O711,W,89,any_uf,0.5559720139930034
PE,O450,W,67,any_uf,0.4185407296351824
PE,O041,W,49,any_uf,0.3060969515242379
PE,O060,W,38,any_uf,0.23738130934532733
PE,O152,W,33,any_uf,0.20614692653673164
PE,O050,W,32,any_uf,0.19990004997501248
PE,O11,W,32,any_uf,0.19990004997501248
PE,O159,W,32,any_uf,0.19990004997501248
PE,O900,W,28,any_uf,0.17491254372813594
PE,O469,W,22,any_uf,0.1374312843578211
PE,O051,W,19,any_uf,0.11869065467266367
PE,O036,W,17,any_uf,0.10619690154922538
PE,O710,W,13,any_uf,0.08120939530234883
PE,O720,W,12,any_uf,0.07496251874062969
PE,O055,W,9,any_uf,0.05622188905547226
PE,O081,W,9,any_uf,0.05622188905547226
PE,O083,W,9,any_uf,0.05622188905547226
PE,O065,W,5,any_uf,0.031234382808595702
PE,O040,W,4,any_uf,0.02498750624687656
PE,O056,W,4,any_uf,0.02498750624687656
PE,O066,W,4,any_uf,0.02498750624687656
PE,O468,W,4,any_uf,0.02498750624687656
PE,O670,W,4,any_uf,0.02498750624687656
PE,O694,W,3,any_uf,0.018740629685157422
PE,O045,W,2,any_uf,0.01249375312343828
PE,O046,W,1,any_uf,0.00624687656171914
PE,O076,W,1,any_uf,0.00624687656171914
PE,O061,hemorrhage,408,any_uf,23.95772166764533
PE,O031,hemorrhage,365,any_uf,21.43276570757487
PE,O459,hemorrhage,287,any_uf,16.852613035819143
PE,O441,hemorrhage,139,any_uf,8.162066940692895
PE,O721,hemorrhage,103,any_uf,6.048150322959483
PE,O722,hemorrhage,96,any_uf,5.637110980622431
PE,O458,hemorrhage,89,any_uf,5.2260716382853785
PE,O450,hemorrhage,67,any_uf,3.9342337052260716
PE,O041,hemorrhage,49,any_uf,2.877275396359366
PE,O469,hemorrhage,22,any_uf,1.291837933059307
PE,O051,hemorrhage,19,any_uf,1.115678214914856
PE,O036,hemorrhage,17,any_uf,0.9982384028185555
PE,O720,hemorrhage,12,any_uf,0.7046388725778039
PE,O081,hemorrhage,9,any_uf,0.5284791544333529
PE,O056,hemorrhage,4,any_uf,0.2348796241926013
PE,O066,hemorrhage,4,any_uf,0.2348796241926013
PE,O468,hemorrhage,4,any_uf,0.2348796241926013
PE,O670,hemorrhage,4,any_uf,0.2348796241926013
PE,O694,hemorrhage,3,any_uf,0.17615971814445097
PE,O046,hemorrhage,1,any_uf,0.058719906048150326
PE,O076,hemorrhage,1,any_uf,0.058719906048150326
PE,O141,hypertension,6104,any_uf,67.66433876510365
PE,O150,hypertension,1427,any_uf,15.818645382995234
PE,O149,hypertension,773,any_uf,8.568894801019843
PE,O140,hypertension,501,any_uf,5.553708014632524
PE,O151,hypertension,119,any_uf,1.3191442190444518
PE,O152,hypertension,33,any_uf,0.36581310276022616
PE,O11,hypertension,32,any_uf,0.3547278572220375
PE,O159,hypertension,32,any_uf,0.3547278572220375
PI,O061,W,6142,any_uf,36.511710854832955
PI,O141,W,5046,any_uf,29.996433242182857
PI,O140,W,1074,any_uf,6.384496492688147
PI,O149,W,932,any_uf,5.540363809297348
PI,O85,W,704,any_uf,4.184995838782546
PI,O459,W,609,any_uf,3.620259184401379
PI,O041,W,473,any_uf,2.8117940791820235
PI,O031,W,347,any_uf,2.062774937581738
PI,O860,W,307,any_uf,1.8249910831054572
PI,O150,W,254,any_uf,1.5099274759243848
PI,O151,W,132,any_uf,0.7846867197717275
PI,O060,W,121,any_uf,0.7192961597907502
PI,O159,W,117,any_uf,0.6955177743431221
PI,O450,W,103,any_uf,0.6122934252764237
PI,O441,W,61,any_uf,0.36262037807632863
PI,O458,W,56,any_uf,0.3328973962667935
PI,O152,W,50,any_uf,0.2972298180953513
PI,O868,W,45,any_uf,0.2675068362858162
PI,O721,W,39,any_uf,0.23183925811437403
PI,O040,W,37,any_uf,0.21995006539055997
PI,O030,W,21,any_uf,0.12483652360004756
PI,O710,W,21,any_uf,0.12483652360004756
PI,O900,W,21,any_uf,0.12483652360004756
PI,O711,W,16,any_uf,0.09511354179051243
PI,O722,W,15,any_uf,0.0891689454286054
PI,O081,W,10,any_uf,0.059445963619070265
PI,O036,W,9,any_uf,0.053501367257163236
PI,O056,W,9,any_uf,0.053501367257163236
PI,O051,W,8,any_uf,0.047556770895256215
PI,O035,W,6,any_uf,0.03566757817144216
PI,O080,W,6,any_uf,0.03566757817144216
PI,O065,W,5,any_uf,0.029722981809535132
PI,O066,W,5,any_uf,0.029722981809535132
PI,O083,W,4,any_uf,0.023778385447628107
PI,O11,W,4,any_uf,0.023778385447628107
PI,O411,W,4,any_uf,0.023778385447628107
PI,O046,W,3,any_uf,0.01783378908572108
PI,O050,W,3,any_uf,0.01783378908572108
PI,O045,W,1,any_uf,0.005944596361907027
PI,O694,W,1,any_uf,0.005944596361907027
PI,O720,W,1,any_uf,0.005944596361907027
PI,O061,hemorrhage,6142,any_uf,77.83550880750222
PI,O459,hemorrhage,609,any_uf,7.717653022430617
PI,O041,hemorrhage,473,any_uf,5.9941705740717275
PI,O031,hemorrhage,347,any_uf,4.397414776327461
PI,O450,hemorrhage,103,any_uf,1.3052845013306298
PI,O441,hemorrhage,61,any_uf,0.773032568749208
PI,O458,hemorrhage,56,any_uf,0.7096692434418959
PI,O721,hemorrhage,39,any_uf,0.4942339373970346
PI,O722,hemorrhage,15,any_uf,0.19008997592193638
PI,O081,hemorrhage,10,any_uf,0.12672665061462426
PI,O036,hemorrhage,9,any_uf,0.11405398555316183
PI,O056,hemorrhage,9,any_uf,0.11405398555316183
PI,O051,hemorrhage,8,any_uf,0.1013813204916994
PI,O066,hemorrhage,5,any_uf,0.06336332530731213
PI,O046,hemorrhage,3,any_uf,0.038017995184387275
PI,O694,hemorrhage,1,any_uf,0.012672665061462425
PI,O720,hemorrhage,1,any_uf,0.012672665061462425
PI,O141,hypertension,5046,any_uf,66.31620449467735
PI,O140,hypertension,1074,any_uf,14.114863976869497
PI,O149,hypertension,932,any_uf,12.248652911026417
PI,O150,hypertension,254,any_uf,3.3381521881981864
PI,O151,hypertension,132,any_uf,1.734787751347089
PI,O159,hypertension,117,any_uf,1.5376527796031016
PI,O152,hypertension,50,any_uf,0.6571165724799579
PI,O11,hypertension,4,any_uf,0.052569325798396634
RN,O141,W,3555,any_uf,34.417659018298
RN,O149,W,3032,any_uf,29.354245328686222
RN,O860,W,665,any_uf,6.438183754477684
RN,O694,W,633,any_uf,6.128376415916352
RN,O150,W,614,any_uf,5.944428308645561
RN,O459,W,372,any_uf,3.6015103107754864
RN,O85,W,351,any_uf,3.398199244844612
RN,O140,W,191,any_uf,1.8491625520379513
RN,O721,W,169,any_uf,1.6361700067770355
RN,O458,W,162,any_uf,1.5683996514667442
RN,O151,W,94,any_uf,0.9100590570239132
RN,O441,W,63,any_uf,0.6099331977926227
RN,O030,W,55,any_uf,0.5324813631522897
RN,O900,W,54,any_uf,0.5227998838222481
RN,O031,W,51,any_uf,0.49375544583212316
RN,O868,W,39,any_uf,0.3775776938716236
RN,O11,W,36,any_uf,0.3485332558814987
RN,O152,W,34,any_uf,0.32917029722141544
RN,O035,W,27,any_uf,0.26139994191112403
RN,O159,W,17,any_uf,0.16458514861070772
RN,O722,W,16,any_uf,0.1549036692806661
RN,O041,W,15,any_uf,0.14522218995062444
RN,O036,W,13,any_uf,0.1258592312905412
RN,O061,W,10,any_uf,0.0968147933004163
RN,O081,W,8,any_uf,0.07745183464033305
RN,O450,W,8,any_uf,0.07745183464033305
RN,O080,W,7,any_uf,0.06777035531029141
RN,O720,W,6,any_uf,0.05808887598024978
RN,O050,W,5,any_uf,0.04840739665020815
RN,O051,W,5,any_uf,0.04840739665020815
RN,O040,W,4,any_uf,0.038725917320166524
RN,O060,W,3,any_uf,0.02904443799012489
RN,O065,W,3,any_uf,0.02904443799012489
RN,O411,W,3,any_uf,0.02904443799012489
RN,O066,W,2,any_uf,0.019362958660083262
RN,O711,W,2,any_uf,0.019362958660083262
RN,O046,W,1,any_uf,0.009681479330041631
RN,O055,W,1,any_uf,0.009681479330041631
RN,O469,W,1,any_uf,0.009681479330041631
RN,O670,W,1,any_uf,0.009681479330041631
RN,O710,W,1,any_uf,0.009681479330041631
RN,O694,hemorrhage,633,any_uf,41.2109375
RN,O459,hemorrhage,372,any_uf,24.21875
RN,O721,hemorrhage,169,any_uf,11.002604166666666
RN,O458,hemorrhage,162,any_uf,10.546875
RN,O441,hemorrhage,63,any_uf,4.1015625
RN,O031,hemorrhage,51,any_uf,3.3203125
RN,O722,hemorrhage,16,any_uf,1.0416666666666667
RN,O041,hemorrhage,15,any_uf,0.9765625
RN,O036,hemorrhage,13,any_uf,0.8463541666666666
RN,O061,hemorrhage,10,any_uf,0.6510416666666666
RN,O081,hemorrhage,8,any_uf,0.5208333333333334
RN,O450,hemorrhage,8,any_uf,0.5208333333333334
RN,O720,hemorrhage,6,any_uf,0.390625
RN,O051,hemorrhage,5,any_uf,0.3255208333333333
RN,O066,hemorrhage,2,any_uf,0.13020833333333334
RN,O046,hemorrhage,1,any_uf,0.06510416666666667
RN,O469,hemorrhage,1,any_uf,0.06510416666666667
RN,O670,hemorrhage,1,any_uf,0.06510416666666667
RN,O141,hypertension,3555,any_uf,46.94308728377129
RN,O149,hypertension,3032,any_uf,40.036973458338835
RN,O150,hypertension,614,any_uf,8.107751221444605
RN,O140,hypertension,191,any_uf,2.5221180509705534
RN,O151,hypertension,94,any_uf,1.2412518156609005
RN,O11,hypertension,36,any_uf,0.47537303578502577
RN,O152,hypertension,34,any_uf,0.44896342268585765
RN,O159,hypertension,17,any_uf,0.22448171134292882
SE,O031,W,8668,any_uf,76.88486783750221
SE,O141,W,1029,any_uf,9.127195316657797
SE,O140,W,530,any_uf,4.701082135887884
SE,O459,W,233,any_uf,2.0667021465318434
SE,O030,W,138,any_uf,1.2240553485896755
SE,O85,W,132,any_uf,1.1708355508249069
SE,O860,W,112,any_uf,0.9934362249423452
SE,O441,W,70,any_uf,0.6208976405889658
SE,O150,W,51,any_uf,0.4523682810005322
SE,O721,W,37,any_uf,0.328188752882739
SE,O868,W,37,any_uf,0.328188752882739
SE,O151,W,34,any_uf,0.3015788540003548
SE,O900,W,32,any_uf,0.28383892141209865
SE,O149,W,24,any_uf,0.21287919105907396
SE,O711,W,24,any_uf,0.21287919105907396
SE,O722,W,20,any_uf,0.17739932588256166
SE,O450,W,18,any_uf,0.15965939329430548
SE,O036,W,14,any_uf,0.12417952811779315
SE,O050,W,11,any_uf,0.0975696292354089
SE,O458,W,10,any_uf,0.08869966294128083
SE,O060,W,9,any_uf,0.07982969664715274
SE,O152,W,6,any_uf,0.05321979776476849
SE,O159,W,6,any_uf,0.05321979776476849
SE,O670,W,5,any_uf,0.044349831470640415
SE,O081,W,4,any_uf,0.03547986517651233
SE,O035,W,3,any_uf,0.026609898882384245
SE,O080,W,3,any_uf,0.026609898882384245
SE,O11,W,3,any_uf,0.026609898882384245
SE,O710,W,3,any_uf,0.026609898882384245
SE,O411,W,2,any_uf,0.017739932588256166
SE,O720,W,2,any_uf,0.017739932588256166
SE,O051,W,1,any_uf,0.008869966294128083
SE,O061,W,1,any_uf,0.008869966294128083
SE,O065,W,1,any_uf,0.008869966294128083
SE,O082,W,1,any_uf,0.008869966294128083
SE,O031,hemorrhage,8668,any_uf,95.43102499174282
SE,O459,hemorrhage,233,any_uf,2.5652317516239127
SE,O441,hemorrhage,70,any_uf,0.7706704833204888
SE,O721,hemorrhage,37,any_uf,0.4073543983265441
SE,O722,hemorrhage,20,any_uf,0.2201915666629968
SE,O450,hemorrhage,18,any_uf,0.19817240999669714
SE,O036,hemorrhage,14,any_uf,0.15413409666409777
SE,O458,hemorrhage,10,any_uf,0.1100957833314984
SE,O670,hemorrhage,5,any_uf,0.0550478916657492
SE,O081,hemorrhage,4,any_uf,0.04403831333259936
SE,O720,hemorrhage,2,any_uf,0.02201915666629968
SE,O051,hemorrhage,1,any_uf,0.01100957833314984
SE,O061,hemorrhage,1,any_uf,0.01100957833314984
SE,O141,hypertension,1029,any_uf,61.140819964349376
SE,O140,hypertension,530,any_uf,31.491384432560903
SE,O150,hypertension,51,any_uf,3.0303030303030303
SE,O151,hypertension,34,any_uf,2.0202020202020203
SE,O149,hypertension,24,any_uf,1.4260249554367201
SE,O152,hypertension,6,any_uf,0.35650623885918004
SE,O159,hypertension,6,any_uf,0.35650623885918004
SE,O11,hypertension,3,any_uf,0.17825311942959002
